"disease_id","gene_accession_id","phenodigm_score"
"OMIM:200150","MGI:98967",36.02
"OMIM:209850","MGI:98967",45.88
"ORPHA:139399","MGI:98967",13.69
"ORPHA:66624","MGI:98967",44.83
"ORPHA:213","MGI:98967",16.14
"ORPHA:79155","MGI:98967",25.41
"OMIM:157800","MGI:98967",14.96
"OMIM:243910","MGI:98967",16.01
"OMIM:300855","MGI:98967",8.76
"OMIM:259050","MGI:98967",17.78
"OMIM:602440","MGI:98967",12.24
"ORPHA:261494","MGI:98967",15.53
"OMIM:214800","MGI:98967",13.95
"OMIM:619297","MGI:98967",13.07
"ORPHA:276432","MGI:98967",20.94
"ORPHA:107","MGI:98967",31.24
"ORPHA:107","MGI:98967",33.94
"ORPHA:138","MGI:98967",16.04
"OMIM:619648","MGI:98967",10.24
"OMIM:619869","MGI:98967",23.91
"ORPHA:561854","MGI:98967",27.15
"ORPHA:488618","MGI:98967",26.8
"ORPHA:49","MGI:98967",9.21
"ORPHA:648","MGI:98967",13.81
"ORPHA:649","MGI:98967",24.99
"ORPHA:649","MGI:98967",23.91
"ORPHA:247245","MGI:98967",25.72
"ORPHA:95","MGI:98967",13.91
"ORPHA:778","MGI:98967",26.1
"ORPHA:85278","MGI:98967",31.13
"ORPHA:87","MGI:98967",14.19
"ORPHA:319671","MGI:98967",26.09
"ORPHA:705","MGI:98967",41.21
"ORPHA:71272","MGI:98967",7.53
"OMIM:147920","MGI:98967",7.64
"OMIM:220200","MGI:98967",21.7
"OMIM:239500","MGI:98967",35.04
"DECIPHER:45","MGI:98967",37.6
"DECIPHER:8","MGI:98967",32.95
"OMIM:109150","MGI:98967",12.12
"OMIM:113650","MGI:98967",25.57
"OMIM:182290","MGI:98967",22.5
"OMIM:183090","MGI:98967",10.07
"OMIM:194190","MGI:98967",10.17
"OMIM:301094","MGI:98967",21.93
"OMIM:300624","MGI:98967",32.58
"OMIM:301029","MGI:98967",29.45
"OMIM:309000","MGI:98967",9.47
"OMIM:257550","MGI:98967",10.26
"OMIM:602588","MGI:98967",32.14
"OMIM:602588","MGI:98967",37.13
"OMIM:164400","MGI:98967",16.74
"OMIM:606232","MGI:98967",23.55
"ORPHA:261183","MGI:98967",11.96
"OMIM:619312","MGI:98967",19.92
"ORPHA:228384","MGI:98967",15.95
"ORPHA:228402","MGI:98967",27.32
"ORPHA:167","MGI:98967",9.13
"ORPHA:168782","MGI:98967",34.79
"OMIM:610253","MGI:98967",14.03
"OMIM:610688","MGI:98967",18.28
"OMIM:610688","MGI:98967",20.14
"OMIM:610883","MGI:98967",19.83
"OMIM:610954","MGI:98967",18.15
"OMIM:614063","MGI:98967",36.08
"OMIM:615485","MGI:98967",14
"OMIM:615574","MGI:98967",21.19
"OMIM:617682","MGI:98967",18.3
"OMIM:615960","MGI:98967",12.97
"OMIM:618218","MGI:98967",25.02
"OMIM:616268","MGI:98967",12.74
"OMIM:616364","MGI:98967",20.8
"ORPHA:1435","MGI:98967",28.2
"ORPHA:1606","MGI:98967",13.15
"ORPHA:1727","MGI:98967",24.6
"ORPHA:10","MGI:98967",20.85
"ORPHA:1001","MGI:98967",16.77
"ORPHA:100973","MGI:98967",48.31
"OMIM:619695","MGI:98967",23.75
"ORPHA:580","MGI:98967",17.42
"ORPHA:468678","MGI:98967",17.09
"ORPHA:50815","MGI:98967",33.4
"ORPHA:52368","MGI:98967",33.77
"ORPHA:530983","MGI:98967",28.96
"ORPHA:35125","MGI:98967",16.54
"ORPHA:382","MGI:98967",34.46
"ORPHA:64280","MGI:98967",32.13
"ORPHA:208447","MGI:98967",12.59
"ORPHA:2152","MGI:98967",11.86
"ORPHA:217253","MGI:98967",22.15
"ORPHA:251061","MGI:98967",31.36
"ORPHA:238750","MGI:98967",20.17
"ORPHA:819","MGI:98967",17.07
"ORPHA:96121","MGI:98967",19.68
"ORPHA:96148","MGI:98967",20.06
"ORPHA:79414","MGI:98967",27.36
"ORPHA:319182","MGI:98967",19.37
"ORPHA:435638","MGI:98967",20.09
"ORPHA:35689","MGI:98967",17.47
"ORPHA:90646","MGI:98967",26.59
"ORPHA:90646","MGI:98967",31.78
"ORPHA:99965","MGI:98967",11.29
"OMIM:245348","MGI:98967",15.56
"OMIM:249000","MGI:98967",16.1
"OMIM:123450","MGI:98967",25.09
"OMIM:304400","MGI:98967",37.35
"OMIM:301030","MGI:98967",19.22
"OMIM:172700","MGI:98967",48.81
"OMIM:607373","MGI:98967",45.88
"OMIM:607453","MGI:98967",21.8
"OMIM:607453","MGI:98967",43.56
"ORPHA:261197","MGI:98967",26.74
"OMIM:619325","MGI:98967",12.82
"OMIM:619435","MGI:98967",24.67
"ORPHA:293939","MGI:98967",31.76
"ORPHA:3233","MGI:98967",46.29
"OMIM:613174","MGI:98967",18.93
"OMIM:613454","MGI:98967",34.52
"OMIM:608049","MGI:98967",40.84
"OMIM:609425","MGI:98967",41.42
"OMIM:611584","MGI:98967",25.13
"OMIM:611584","MGI:98967",30.57
"OMIM:600430","MGI:98967",26.49
"OMIM:614175","MGI:98967",21.1
"OMIM:615656","MGI:98967",29.72
"OMIM:617435","MGI:98967",26.04
"OMIM:617695","MGI:98967",36.3
"OMIM:618205","MGI:98967",25.94
"OMIM:618778","MGI:98967",40.2
"OMIM:618915","MGI:98967",18.86
"OMIM:618915","MGI:98967",39.4
"OMIM:618347","MGI:98967",17.62
"OMIM:618354","MGI:98967",15.02
"OMIM:617808","MGI:98967",23.2
"OMIM:618013","MGI:98967",56.4
"OMIM:618027","MGI:98967",22.15
"OMIM:619274","MGI:98967",51.39
"ORPHA:157941","MGI:98967",22.23
"ORPHA:157946","MGI:98967",18.29
"ORPHA:18","MGI:98967",19.33
"ORPHA:139431","MGI:98967",6.91
"OMIM:620642","MGI:98967",7.04
"OMIM:619690","MGI:98967",18.32
"OMIM:619877","MGI:98967",30.54
"OMIM:620280","MGI:98967",21.8
"OMIM:620280","MGI:98967",43.56
"OMIM:620281","MGI:98967",49.5
"ORPHA:534","MGI:98967",9.89
"ORPHA:397612","MGI:98967",24.95
"ORPHA:217","MGI:98967",26.56
"ORPHA:2479","MGI:98967",21.44
"ORPHA:251347","MGI:98967",12.21
"ORPHA:231169","MGI:98967",31.13
"ORPHA:231169","MGI:98967",39.7
"ORPHA:231183","MGI:98967",24.58
"ORPHA:231183","MGI:98967",42.19
"ORPHA:98807","MGI:98967",21.24
"ORPHA:79136","MGI:98967",30.2
"ORPHA:309246","MGI:98967",26.25
"ORPHA:434179","MGI:98967",12.42
"ORPHA:363722","MGI:98967",18.1
"OMIM:219090","MGI:98967",12.67
"OMIM:300672","MGI:98967",17.51
"OMIM:602433","MGI:98967",25.89
"OMIM:300352","MGI:98967",28.69
"OMIM:213200","MGI:98967",14.47
"OMIM:619293","MGI:98967",17.6
"OMIM:619317","MGI:98967",21.62
"OMIM:271250","MGI:98967",45.8
"ORPHA:275864","MGI:98967",47.59
"ORPHA:276238","MGI:98967",13.88
"ORPHA:276241","MGI:98967",13.88
"ORPHA:276244","MGI:98967",15.71
"ORPHA:171680","MGI:98967",12.34
"ORPHA:329308","MGI:98967",15.67
"ORPHA:3306","MGI:98967",23.64
"OMIM:614831","MGI:98967",15.45
"OMIM:607625","MGI:98967",17.52
"OMIM:608631","MGI:98967",50.57
"OMIM:608636","MGI:98967",51.92
"OMIM:608638","MGI:98967",50.57
"OMIM:612020","MGI:98967",17.22
"OMIM:610042","MGI:98967",36.06
"OMIM:613886","MGI:98967",23.83
"OMIM:615873","MGI:98967",14.95
"OMIM:616341","MGI:98967",21.34
"OMIM:617830","MGI:98967",27.5
"OMIM:618004","MGI:98967",26.45
"OMIM:618067","MGI:98967",12.81
"OMIM:619621","MGI:98967",8.85
"OMIM:619777","MGI:98967",12.62
"OMIM:620033","MGI:98967",21.06
"OMIM:620208","MGI:98967",8.59
"ORPHA:464306","MGI:98967",15.1
"ORPHA:208441","MGI:98967",32.01
"ORPHA:240103","MGI:98967",15.13
"ORPHA:71518","MGI:98967",45.55
"ORPHA:363558","MGI:98967",4.99
"ORPHA:99027","MGI:98967",16.23
"OMIM:220220","MGI:98967",24.97
"OMIM:300912","MGI:98967",29.49
"OMIM:309548","MGI:98967",36.11
"OMIM:300271","MGI:98967",32.99
"OMIM:300425","MGI:98967",38.99
"OMIM:300495","MGI:98967",35.03
"OMIM:300496","MGI:98967",38.99
"ORPHA:261144","MGI:98967",22.11
"OMIM:212065","MGI:98967",8.84
"OMIM:212066","MGI:98967",22.76
"OMIM:619428","MGI:98967",15.19
"ORPHA:2822","MGI:98967",12.77
"OMIM:607459","MGI:98967",9.87
"OMIM:612474","MGI:98967",10.09
"OMIM:614104","MGI:98967",28.7
"OMIM:615502","MGI:98967",15.44
"OMIM:615516","MGI:98967",30.59
"OMIM:615541","MGI:98967",38.16
"OMIM:615637","MGI:98967",15.7
"OMIM:617330","MGI:98967",23.67
"OMIM:617600","MGI:98967",25.32
"OMIM:617270","MGI:98967",42.67
"OMIM:616682","MGI:98967",15.88
"OMIM:616939","MGI:98967",18.88
"OMIM:616269","MGI:98967",55.11
"OMIM:616351","MGI:98967",31.16
"OMIM:616393","MGI:98967",38.59
"OMIM:618914","MGI:98967",23.94
"OMIM:618504","MGI:98967",33.61
"OMIM:617751","MGI:98967",21.34
"OMIM:617751","MGI:98967",20.18
"OMIM:617796","MGI:98967",22.35
"OMIM:619229","MGI:98967",16.93
"ORPHA:177907","MGI:98967",12.91
"ORPHA:1170","MGI:98967",15.28
"ORPHA:139480","MGI:98967",17
"ORPHA:100924","MGI:98967",30.51
"ORPHA:100986","MGI:98967",24.99
"ORPHA:101085","MGI:98967",12.2
"OMIM:619717","MGI:98967",37.53
"ORPHA:544254","MGI:98967",35.86
"ORPHA:572798","MGI:98967",16.13
"ORPHA:447757","MGI:98967",17.13
"ORPHA:370959","MGI:98967",27.38
"ORPHA:251282","MGI:98967",30.66
"ORPHA:98784","MGI:98967",24.5
"ORPHA:79282","MGI:98967",16.71
"ORPHA:85277","MGI:98967",17.55
"ORPHA:70595","MGI:98967",20.04
"ORPHA:357058","MGI:98967",19.26
"OMIM:300614","MGI:98967",49.04
"ORPHA:261537","MGI:98967",10.33
"OMIM:619475","MGI:98967",18.08
"OMIM:619512","MGI:98967",15.86
"ORPHA:280763","MGI:98967",18.96
"OMIM:619054","MGI:98967",11.19
"OMIM:620786","MGI:98967",33.16
"OMIM:620065","MGI:98967",26.55
"OMIM:620141","MGI:98967",23.3
"ORPHA:457279","MGI:98967",23.27
"ORPHA:395","MGI:98967",16.44
"ORPHA:247815","MGI:98967",24.44
"ORPHA:86822","MGI:98967",16.52
"ORPHA:3077","MGI:98967",32.17
"ORPHA:3078","MGI:98967",23.55
"ORPHA:411511","MGI:98967",30.83
"ORPHA:436151","MGI:98967",47.48
"ORPHA:352490","MGI:98967",20.96
"ORPHA:353277","MGI:98967",14.97
"ORPHA:353281","MGI:98967",19.59
"ORPHA:353284","MGI:98967",14.97
"ORPHA:927","MGI:98967",22.24
"OMIM:300986","MGI:98967",21.79
"OMIM:301040","MGI:98967",13.76
"OMIM:309590","MGI:98967",14.23
"OMIM:256840","MGI:98967",15.73
"OMIM:300260","MGI:98967",28.27
"OMIM:300486","MGI:98967",31.32
"OMIM:606053","MGI:98967",46.53
"OMIM:619306","MGI:98967",14.51
"OMIM:614756","MGI:98967",26.01
"OMIM:600791","MGI:98967",42.61
"OMIM:600795","MGI:98967",40
"OMIM:615282","MGI:98967",20.65
"OMIM:615771","MGI:98967",10.03
"OMIM:617044","MGI:98967",26.42
"OMIM:617061","MGI:98967",20.63
"OMIM:617101","MGI:98967",34.26
"OMIM:618147","MGI:98967",35.85
"OMIM:618825","MGI:98967",23.94
"OMIM:618917","MGI:98967",31.99
"OMIM:618497","MGI:98967",31.42
"OMIM:617802","MGI:98967",26.16
"OMIM:617862","MGI:98967",29.96
"OMIM:619121","MGI:98967",24.76
"OMIM:619150","MGI:98967",41.73
"OMIM:620021","MGI:98967",34.02
"OMIM:620242","MGI:98967",24.91
"ORPHA:457240","MGI:98967",31.71
"ORPHA:466768","MGI:98967",15.9
"ORPHA:508533","MGI:98967",7.14
"ORPHA:513456","MGI:98967",21.87
"ORPHA:529965","MGI:98967",19.8
"ORPHA:370022","MGI:98967",13.05
"ORPHA:647799","MGI:98967",17.12
"ORPHA:313892","MGI:98967",18.92
"ORPHA:369837","MGI:98967",7.35
"ORPHA:261552","MGI:98967",9.07
"ORPHA:300570","MGI:98967",20.78
"OMIM:612069","MGI:98967",35.62
"OMIM:616579","MGI:98967",29.32
"OMIM:615802","MGI:98967",20.67
"OMIM:618718","MGI:98967",43.86
"OMIM:619005","MGI:98967",14.16
"OMIM:618430","MGI:98967",26.99
"OMIM:618653","MGI:98967",18.56
"OMIM:617787","MGI:98967",38.07
"OMIM:620719","MGI:98967",13.81
"OMIM:620747","MGI:98967",37.75
"OMIM:620502","MGI:98967",20.44
"OMIM:619522","MGI:98967",13.82
"OMIM:620330","MGI:98967",22.49
"ORPHA:445062","MGI:98967",29.66
"ORPHA:447997","MGI:98967",29.58
"ORPHA:449291","MGI:98967",39.6
"ORPHA:464311","MGI:98967",15.36
"ORPHA:468631","MGI:98967",12.38
"ORPHA:476126","MGI:98967",17.68
"ORPHA:508498","MGI:98967",8.57
"ORPHA:522077","MGI:98967",18.57
"OMIM:300749","MGI:98967",19.92
"OMIM:619470","MGI:98967",30.84
"OMIM:613443","MGI:98967",13.88
"OMIM:613443","MGI:98967",27.05
"OMIM:609136","MGI:98967",19.25
"OMIM:618342","MGI:98967",24.21
"OMIM:617903","MGI:98967",31.01
"OMIM:619092","MGI:98967",33.09
"OMIM:619103","MGI:98967",21.61
"OMIM:620494","MGI:98967",16.92
"OMIM:619575","MGI:98967",22.78
"OMIM:619725","MGI:98967",29.19
"OMIM:620073","MGI:98967",10.21
"ORPHA:391307","MGI:98967",33.01
"OMIM:301044","MGI:98967",11.83
"OMIM:617393","MGI:98967",27.21
"OMIM:618709","MGI:98967",31.9
"OMIM:617820","MGI:98967",34.04
"OMIM:620469","MGI:98967",42.01
"ORPHA:457351","MGI:98967",19.3
"ORPHA:397933","MGI:98967",43.05
"ORPHA:411986","MGI:98967",25.38
"OMIM:301066","MGI:98967",14.73
"OMIM:613670","MGI:98967",24.93
"OMIM:617807","MGI:98967",27.14
"OMIM:620428","MGI:98967",28.53
"OMIM:619580","MGI:98967",35.64
"OMIM:620292","MGI:98967",29.15
"ORPHA:572013","MGI:98967",16.96
"ORPHA:480880","MGI:98967",15.24
"ORPHA:496641","MGI:98967",17.71
"ORPHA:500159","MGI:98967",17.56
"OMIM:617171","MGI:98967",36.58
"OMIM:618906","MGI:98967",33
"OMIM:208400","MGI:96090",6.06
"OMIM:190330","MGI:98266",70.24
"OMIM:309300","MGI:98266",50.85
"OMIM:614156","MGI:1928271",46.62
"ORPHA:180229","MGI:96090",14.89
"ORPHA:14","MGI:1928271",14.61
"ORPHA:552","MGI:109279",40.04
"ORPHA:533","MGI:1928271",7.66
"ORPHA:3376","MGI:1928271",9.51
"ORPHA:349","MGI:1928271",10.97
"ORPHA:2477","MGI:96090",18.96
"ORPHA:95512","MGI:109279",25.14
"ORPHA:95513","MGI:109279",25.46
"ORPHA:97283","MGI:1928271",14.93
"ORPHA:93","MGI:96090",6.23
"OMIM:250100","MGI:1928271",16.88
"OMIM:230200","MGI:98266",45.07
"OMIM:145750","MGI:109279",42.58
"OMIM:223370","MGI:1928271",5.16
"OMIM:149500","MGI:98266",63.52
"OMIM:106210","MGI:98266",30.37
"OMIM:114290","MGI:3665157",3.79
"OMIM:115660","MGI:98266",58.71
"OMIM:115800","MGI:98266",97.86
"OMIM:115900","MGI:98266",66.5
"OMIM:116400","MGI:98266",64.95
"OMIM:302200","MGI:98266",55.55
"OMIM:310600","MGI:98266",33.4
"OMIM:262300","MGI:98266",25.59
"OMIM:255990","MGI:98266",45.09
"OMIM:601552","MGI:98266",23.99
"OMIM:177650","MGI:98266",58.54
"OMIM:603165","MGI:98266",24.13
"ORPHA:261318","MGI:96090",5.56
"OMIM:211770","MGI:98266",49.85
"OMIM:619290","MGI:109279",53.15
"OMIM:619324","MGI:1928271",57.48
"OMIM:273150","MGI:96090",57.56
"ORPHA:2663","MGI:98266",50.09
"ORPHA:170","MGI:98266",24.97
"ORPHA:325124","MGI:96090",48.73
"OMIM:614691","MGI:98266",96.43
"OMIM:612651","MGI:3665157",10.59
"OMIM:612713","MGI:98266",29.57
"OMIM:609376","MGI:98266",97.86
"OMIM:610019","MGI:98266",64.95
"OMIM:612018","MGI:98266",67.12
"OMIM:612109","MGI:98266",25.64
"OMIM:601202","MGI:98266",54.16
"OMIM:615363","MGI:109279",37.62
"OMIM:614303","MGI:98266",50.21
"OMIM:614422","MGI:98266",96.43
"OMIM:613887","MGI:98266",97.86
"OMIM:617141","MGI:98266",57.37
"OMIM:617142","MGI:98266",49.27
"OMIM:616851","MGI:98266",96.43
"OMIM:616217","MGI:1928271",43.58
"OMIM:616279","MGI:98266",63.52
"OMIM:616509","MGI:98266",76.95
"OMIM:618881","MGI:98266",49.6
"OMIM:618415","MGI:98266",37.1
"ORPHA:1501","MGI:109279",37.66
"ORPHA:1766","MGI:98266",27.57
"ORPHA:190","MGI:98266",42.27
"ORPHA:1359","MGI:96090",18.41
"ORPHA:139466","MGI:3665157",24.23
"OMIM:619593","MGI:98266",44.99
"ORPHA:3385","MGI:109279",8.42
"ORPHA:2075","MGI:1928271",10.96
"ORPHA:250923","MGI:98266",47.37
"ORPHA:2331","MGI:1928271",7.3
"ORPHA:94083","MGI:96090",24.28
"ORPHA:79500","MGI:109279",5.61
"ORPHA:744","MGI:96090",4.58
"ORPHA:75858","MGI:98266",25.34
"ORPHA:778","MGI:1928271",7.72
"ORPHA:781","MGI:1928271",10.14
"ORPHA:96253","MGI:109279",18.93
"ORPHA:79324","MGI:1928271",6.25
"ORPHA:85138","MGI:109279",20.37
"ORPHA:31150","MGI:1928271",17.24
"ORPHA:90041","MGI:1928271",6.28
"ORPHA:439254","MGI:98266",27.72
"ORPHA:67043","MGI:98266",48.59
"ORPHA:708","MGI:98266",53.39
"ORPHA:91","MGI:96090",18.65
"ORPHA:91355","MGI:109279",21.88
"OMIM:246700","MGI:1928271",35.73
"OMIM:136520","MGI:98266",51.27
"OMIM:217700","MGI:98266",58.83
"OMIM:236680","MGI:109279",9.7
"OMIM:237500","MGI:1928271",53.6
"OMIM:240950","MGI:98266",39.67
"OMIM:244450","MGI:1928271",5.53
"OMIM:201400","MGI:109279",56.43
"OMIM:202200","MGI:109279",38.52
"OMIM:121800","MGI:98266",68.48
"OMIM:131430","MGI:1345961",42.29
"OMIM:304730","MGI:98266",65.83
"OMIM:300624","MGI:96090",16.42
"OMIM:300200","MGI:109279",35.55
"OMIM:300602","MGI:96090",10.44
"OMIM:180104","MGI:98266",29.92
"OMIM:607398","MGI:109279",29.93
"ORPHA:263479","MGI:98266",27.17
"OMIM:210500","MGI:1928271",50.49
"OMIM:273395","MGI:109279",12.85
"ORPHA:291","MGI:98266",33.96
"ORPHA:280","MGI:1928271",3.18
"ORPHA:284180","MGI:96090",9.78
"ORPHA:2869","MGI:1928271",10.24
"OMIM:609197","MGI:109279",56.57
"OMIM:611465","MGI:1928271",70.16
"OMIM:610092","MGI:98266",64.19
"OMIM:610883","MGI:1928271",8.75
"OMIM:600803","MGI:1928271",60.64
"OMIM:615184","MGI:98266",31.9
"OMIM:614338","MGI:1928271",52.19
"OMIM:613801","MGI:98266",38.03
"OMIM:615512","MGI:1928271",14.05
"OMIM:615558","MGI:1928271",40.09
"OMIM:615619","MGI:1928271",76.76
"OMIM:617394","MGI:1928271",46.51
"OMIM:615935","MGI:109279",44.42
"OMIM:618156","MGI:1928271",13.47
"OMIM:618220","MGI:98266",28.06
"OMIM:616468","MGI:98266",24.13
"OMIM:618463","MGI:98266",50.46
"OMIM:617825","MGI:109279",46.43
"OMIM:619016","MGI:98266",24.53
"ORPHA:1885","MGI:98266",34.81
"ORPHA:1193","MGI:96090",15.75
"ORPHA:1304","MGI:1345961",26.16
"ORPHA:131","MGI:1928271",26.11
"ORPHA:1377","MGI:98266",62.51
"ORPHA:139474","MGI:96090",16.58
"ORPHA:14","MGI:87868",9.31
"ORPHA:100086","MGI:1928271",27.37
"ORPHA:562","MGI:96090",18.43
"ORPHA:570422","MGI:98266",26.15
"ORPHA:3449","MGI:98266",23.73
"ORPHA:606","MGI:98266",62.42
"ORPHA:2334","MGI:98266",42.26
"ORPHA:95409","MGI:109279",18.76
"ORPHA:8","MGI:96090",17.27
"ORPHA:776","MGI:96090",9.46
"ORPHA:983","MGI:96090",57.08
"ORPHA:320","MGI:109279",17.24
"ORPHA:887","MGI:1928271",6.25
"ORPHA:438274","MGI:1928271",39.27
"ORPHA:71","MGI:1928271",25.34
"ORPHA:361","MGI:109279",26.15
"ORPHA:90363","MGI:1928271",13.43
"ORPHA:908","MGI:96090",9.1
"ORPHA:91348","MGI:96090",27.3
"ORPHA:99867","MGI:1345961",28.77
"OMIM:231550","MGI:109279",22.8
"OMIM:233450","MGI:1345961",28.16
"OMIM:140300","MGI:1345961",50.19
"OMIM:146200","MGI:98266",22.86
"OMIM:147630","MGI:109279",52.59
"OMIM:223370","MGI:87868",3.62
"OMIM:225200","MGI:98266",53.51
"OMIM:239900","MGI:98266",75.51
"OMIM:201710","MGI:109279",47.21
"OMIM:103900","MGI:109279",50.31
"OMIM:106220","MGI:98266",51.26
"OMIM:107250","MGI:98266",60.88
"OMIM:109100","MGI:1345961",52.51
"OMIM:109720","MGI:1928271",58.7
"OMIM:115650","MGI:98266",60.88
"OMIM:115665","MGI:98266",69.88
"OMIM:115700","MGI:98266",96.43
"OMIM:116100","MGI:98266",60.28
"OMIM:116200","MGI:98266",70.76
"OMIM:116300","MGI:98266",63.43
"OMIM:116600","MGI:98266",55.36
"OMIM:116800","MGI:98266",64.79
"OMIM:185070","MGI:1345961",19
"OMIM:193230","MGI:98266",40.67
"OMIM:300752","MGI:1928271",39.78
"OMIM:312910","MGI:98266",37.81
"OMIM:264800","MGI:1351634",7.35
"OMIM:266510","MGI:1928271",20.65
"OMIM:268100","MGI:98266",25.66
"OMIM:256450","MGI:109279",49.21
"OMIM:601371","MGI:98266",64.95
"OMIM:601547","MGI:98266",72.05
"OMIM:601820","MGI:109279",52.12
"OMIM:601885","MGI:98266",73.26
"OMIM:602485","MGI:109279",57.23
"OMIM:174770","MGI:1345961",33.25
"OMIM:176410","MGI:96090",49.76
"OMIM:178900","MGI:98266",79.74
"OMIM:604219","MGI:98266",49.13
"OMIM:604229","MGI:98266",42.87
"OMIM:604307","MGI:98266",52.14
"OMIM:605387","MGI:98266",62.38
"OMIM:606762","MGI:109279",44.85
"ORPHA:2571","MGI:98266",24.62
"OMIM:209950","MGI:1345961",38.94
"OMIM:212400","MGI:98266",78.51
"OMIM:216820","MGI:98266",32.47
"OMIM:619324","MGI:87868",68.02
"OMIM:269400","MGI:98266",50.65
"OMIM:270150","MGI:1345961",42.47
"OMIM:270400","MGI:1928271",5.6
"OMIM:273680","MGI:98266",39.81
"ORPHA:229717","MGI:1345961",32.61
"ORPHA:1656","MGI:1345961",35.09
"ORPHA:171844","MGI:98266",32.06
"ORPHA:3233","MGI:98266",41.8
"ORPHA:329918","MGI:1345961",39.15
"OMIM:614662","MGI:109279",42.82
"OMIM:614885","MGI:98266",29.13
"OMIM:613195","MGI:98266",41.56
"OMIM:608367","MGI:98266",56.1
"OMIM:609741","MGI:98266",68.8
"OMIM:611391","MGI:98266",60.96
"OMIM:611489","MGI:109279",18.06
"OMIM:611544","MGI:98266",57.05
"OMIM:611597","MGI:98266",74.98
"OMIM:611881","MGI:1928271",18.5
"OMIM:612227","MGI:109279",52.64
"OMIM:610021","MGI:109279",56
"OMIM:610202","MGI:98266",50.41
"OMIM:610256","MGI:98266",46.28
"OMIM:610425","MGI:98266",66.93
"OMIM:610623","MGI:98266",46.18
"OMIM:600881","MGI:98266",72.36
"OMIM:615188","MGI:98266",67.97
"OMIM:615274","MGI:98266",60.96
"OMIM:615387","MGI:1345961",44.29
"OMIM:614186","MGI:98266",25.86
"OMIM:614284","MGI:98266",28.85
"OMIM:614377","MGI:1345961",39.47
"OMIM:613677","MGI:109279",30.43
"OMIM:613763","MGI:98266",52.17
"OMIM:613791","MGI:1345961",47.59
"OMIM:613826","MGI:98266",35.58
"OMIM:613829","MGI:98266",40.99
"OMIM:617315","MGI:98266",51.55
"OMIM:617319","MGI:98266",61.2
"OMIM:617053","MGI:1345961",13.2
"OMIM:617251","MGI:98266",59.63
"OMIM:615816","MGI:1345961",18.45
"OMIM:615995","MGI:98266",32.88
"ORPHA:163","MGI:98266",97.86
"ORPHA:199296","MGI:109279",47.58
"ORPHA:2035","MGI:1345961",29.13
"ORPHA:206572","MGI:1345961",32.81
"ORPHA:1068","MGI:98266",63.31
"ORPHA:1069","MGI:98266",32.68
"ORPHA:117","MGI:1345961",19.57
"ORPHA:1303","MGI:1345961",28.69
"ORPHA:1380","MGI:98266",44.67
"ORPHA:1397","MGI:98266",55.24
"OMIM:619649","MGI:98266",24.18
"OMIM:619781","MGI:98266",49.36
"ORPHA:556030","MGI:109279",26.06
"ORPHA:556037","MGI:109279",27.96
"ORPHA:449395","MGI:1928271",7.5
"ORPHA:47612","MGI:1345961",31.51
"ORPHA:482","MGI:1345961",31.04
"ORPHA:48435","MGI:1345961",22.73
"ORPHA:3453","MGI:109279",32.76
"ORPHA:37202","MGI:1345961",28.41
"ORPHA:39041","MGI:1345961",31.77
"ORPHA:400","MGI:1345961",20.65
"ORPHA:403","MGI:109279",30.51
"ORPHA:404","MGI:109279",30.92
"ORPHA:64","MGI:1345961",12.25
"ORPHA:2137","MGI:1345961",39.97
"ORPHA:251274","MGI:109279",22.34
"ORPHA:231183","MGI:98266",25.64
"ORPHA:231580","MGI:109279",24.72
"ORPHA:79480","MGI:1345961",37.31
"ORPHA:81","MGI:1345961",30.9
"ORPHA:818","MGI:1928271",2.18
"ORPHA:758","MGI:1351634",5.83
"ORPHA:786","MGI:109279",32.77
"ORPHA:79324","MGI:87868",3.72
"ORPHA:309263","MGI:1928271",8.25
"ORPHA:309271","MGI:1928271",8.44
"ORPHA:31150","MGI:87868",12.26
"ORPHA:90068","MGI:1345961",8.58
"ORPHA:90186","MGI:1345961",19.15
"ORPHA:90291","MGI:1345961",34.73
"ORPHA:443811","MGI:1345961",24.97
"ORPHA:69663","MGI:1928271",42.6
"ORPHA:69665","MGI:1928271",17.35
"ORPHA:699","MGI:1345961",14
"ORPHA:703","MGI:1345961",31.48
"ORPHA:727","MGI:1345961",30.19
"ORPHA:35737","MGI:98266",30.18
"ORPHA:90654","MGI:98266",35.23
"ORPHA:91139","MGI:1345961",21.34
"ORPHA:91349","MGI:96090",24.56
"ORPHA:91495","MGI:98266",26.56
"ORPHA:99827","MGI:1928271",6.44
"OMIM:246700","MGI:87868",33.29
"OMIM:233420","MGI:3665157",50.7
"OMIM:234700","MGI:1351634",33.44
"OMIM:136800","MGI:98266",63.64
"OMIM:147610","MGI:98266",57.62
"OMIM:217600","MGI:98266",68.48
"OMIM:219080","MGI:109279",31.94
"OMIM:224100","MGI:1928271",36.56
"OMIM:152700","MGI:1345961",52.19
"OMIM:154230","MGI:3665157",21.42
"OMIM:156850","MGI:98266",44.35
"OMIM:161200","MGI:1345961",9.34
"OMIM:235700","MGI:1928271",32.7
"OMIM:244450","MGI:87868",3.88
"OMIM:203780","MGI:98266",26.16
"OMIM:110150","MGI:98266",42.38
"OMIM:120040","MGI:98266",76.82
"OMIM:121900","MGI:98266",72.15
"OMIM:125852","MGI:109279",64.66
"OMIM:300622","MGI:1345961",51.33
"OMIM:300755","MGI:1345961",22.55
"OMIM:300779","MGI:98266",67.46
"OMIM:300833","MGI:3665157",100
"OMIM:312500","MGI:1345961",42.05
"OMIM:400044","MGI:3665157",44.88
"OMIM:400045","MGI:3665157",41.51
"OMIM:266200","MGI:1928271",27.04
"OMIM:601666","MGI:109279",68.85
"OMIM:601859","MGI:1345961",47.82
"OMIM:601941","MGI:109279",63.85
"OMIM:601942","MGI:109279",63.85
"OMIM:602247","MGI:87868",58.07
"OMIM:602361","MGI:1345961",17.09
"OMIM:278850","MGI:3665157",39.35
"OMIM:300018","MGI:3665157",100
"OMIM:165300","MGI:98266",30.12
"OMIM:169610","MGI:1345961",49.97
"OMIM:604901","MGI:1928271",55.85
"OMIM:605479","MGI:1928271",41.26
"ORPHA:254704","MGI:98266",48.63
"ORPHA:293621","MGI:98266",46.69
"ORPHA:2968","MGI:1345961",21.5
"ORPHA:2253","MGI:98266",39.37
"ORPHA:2826","MGI:96090",45.96
"ORPHA:289390","MGI:1345961",27.99
"ORPHA:3261","MGI:1345961",31.75
"ORPHA:33111","MGI:1345961",28.51
"OMIM:614674","MGI:109279",41.23
"OMIM:614809","MGI:1345961",51.19
"OMIM:613470","MGI:1928271",35.74
"OMIM:612520","MGI:109279",64.66
"OMIM:612965","MGI:3665157",50.2
"OMIM:613011","MGI:1345961",35.97
"OMIM:613080","MGI:3665157",44.69
"OMIM:613080","MGI:109279",33.73
"OMIM:613086","MGI:98266",62.43
"OMIM:609140","MGI:98266",71.7
"OMIM:610374","MGI:109279",66.62
"OMIM:610600","MGI:109279",31.24
"OMIM:610883","MGI:87868",6.25
"OMIM:600886","MGI:98266",47.2
"OMIM:600955","MGI:109279",38.73
"OMIM:601186","MGI:1345961",13.3
"OMIM:614279","MGI:3665157",75.62
"OMIM:614338","MGI:87868",56.4
"OMIM:613652","MGI:1345961",67.3
"OMIM:613762","MGI:3665157",50.32
"OMIM:615523","MGI:98266",61.91
"OMIM:615558","MGI:87868",29.14
"OMIM:617133","MGI:98266",40.02
"OMIM:616067","MGI:3665157",84.81
"OMIM:618156","MGI:87868",11.27
"OMIM:616425","MGI:3665157",57.63
"OMIM:616425","MGI:96090",47.37
"OMIM:618835","MGI:109279",21.37
"OMIM:618838","MGI:109279",28.9
"OMIM:618839","MGI:109279",21.32
"OMIM:618660","MGI:98266",46.61
"ORPHA:158061","MGI:1345961",32.28
"ORPHA:199299","MGI:109279",21.84
"OMIM:619849","MGI:1928271",46.12
"OMIM:619858","MGI:1345961",29.33
"ORPHA:54370","MGI:1345961",48.13
"ORPHA:56425","MGI:1345961",43.55
"ORPHA:46488","MGI:1345961",39.51
"ORPHA:470","MGI:1345961",23.35
"ORPHA:48377","MGI:1345961",30.54
"ORPHA:52901","MGI:96090",32.4
"ORPHA:536","MGI:1345961",44.79
"ORPHA:34145","MGI:1345961",32.07
"ORPHA:79506","MGI:1928271",57.4
"ORPHA:79087","MGI:1345961",32.32
"ORPHA:98827","MGI:1345961",35.56
"ORPHA:309256","MGI:1928271",8.53
"ORPHA:90060","MGI:1345961",32.41
"ORPHA:90283","MGI:1345961",50.16
"ORPHA:411593","MGI:1345961",28.87
"ORPHA:71","MGI:87868",13.65
"ORPHA:35664","MGI:98266",61.05
"ORPHA:90363","MGI:87868",9.64
"ORPHA:90674","MGI:96090",16.97
"ORPHA:93126","MGI:1345961",39.55
"ORPHA:99931","MGI:1345961",37.49
"OMIM:221900","MGI:98266",31.45
"OMIM:222100","MGI:1345961",27.77
"OMIM:225100","MGI:98266",98.58
"OMIM:240500","MGI:1345961",35.66
"OMIM:106230","MGI:98266",75.68
"OMIM:116700","MGI:98266",96.43
"OMIM:121390","MGI:98266",57.8
"OMIM:305800","MGI:1345961",27.01
"OMIM:266510","MGI:87868",14.54
"OMIM:256020","MGI:1345961",42.69
"OMIM:300062","MGI:96090",52.31
"OMIM:300143","MGI:96090",14.68
"OMIM:300428","MGI:96090",35.14
"OMIM:177850","MGI:1351634",3.94
"OMIM:212065","MGI:1928271",9.57
"OMIM:217000","MGI:1345961",34.99
"OMIM:619338","MGI:98266",25.04
"OMIM:270400","MGI:87868",2.9
"ORPHA:3000","MGI:96090",30.82
"ORPHA:227982","MGI:1345961",34.11
"ORPHA:227990","MGI:1345961",35.98
"OMIM:614878","MGI:98266",23.47
"OMIM:613179","MGI:1345961",30
"OMIM:613496","MGI:1345961",37.68
"OMIM:607765","MGI:1928271",36.2
"OMIM:608776","MGI:1928271",10.23
"OMIM:609529","MGI:1345961",38.46
"OMIM:612227","MGI:1345961",33.85
"OMIM:610475","MGI:109279",32.06
"OMIM:610489","MGI:109279",30.98
"OMIM:610947","MGI:109279",38.04
"OMIM:610984","MGI:1345961",27.28
"OMIM:615008","MGI:1345961",43.6
"OMIM:615401","MGI:1345961",13.65
"OMIM:614190","MGI:109279",58.77
"OMIM:614196","MGI:1345961",37.71
"OMIM:614380","MGI:1345961",45.32
"OMIM:614420","MGI:1345961",74.56
"OMIM:613783","MGI:1345961",52.13
"OMIM:617609","MGI:1345961",36.28
"OMIM:616730","MGI:1345961",25.85
"OMIM:616834","MGI:1928271",34.16
"OMIM:616892","MGI:1345961",38.01
"OMIM:615830","MGI:109279",36.26
"OMIM:615861","MGI:1345961",48.2
"OMIM:615954","MGI:109279",43
"OMIM:616005","MGI:1345961",31.39
"OMIM:618874","MGI:96090",10.91
"OMIM:618348","MGI:1345961",21.89
"OMIM:618534","MGI:1345961",45.54
"OMIM:617783","MGI:1345961",39.41
"OMIM:619126","MGI:1345961",43.82
"OMIM:619201","MGI:1345961",48.88
"ORPHA:1830","MGI:1345961",18.14
"ORPHA:100026","MGI:1345961",42.15
"OMIM:620642","MGI:1345961",19.51
"OMIM:619644","MGI:1345961",24.37
"OMIM:619813","MGI:98266",45.6
"OMIM:620058","MGI:1928271",52.53
"OMIM:620253","MGI:98266",55.4
"OMIM:620312","MGI:98266",29.42
"ORPHA:449395","MGI:1345961",31.8
"ORPHA:49041","MGI:1345961",33.2
"ORPHA:523","MGI:98266",23.89
"ORPHA:33577","MGI:1345961",34.81
"ORPHA:340","MGI:1345961",14.92
"ORPHA:397596","MGI:1345961",36.5
"ORPHA:401830","MGI:98266",26.85
"ORPHA:60026","MGI:1345961",54.3
"ORPHA:2310","MGI:98266",29.18
"ORPHA:809","MGI:1345961",28.65
"ORPHA:96180","MGI:1928271",13.39
"ORPHA:96181","MGI:109279",21.3
"ORPHA:79281","MGI:98266",43.84
"ORPHA:85286","MGI:96090",20.54
"ORPHA:90002","MGI:1345961",58
"ORPHA:36234","MGI:1345961",15.86
"ORPHA:369929","MGI:109279",16.81
"ORPHA:98908","MGI:1928271",13.35
"OMIM:104200","MGI:1345961",30.91
"OMIM:300706","MGI:96090",34.33
"OMIM:300719","MGI:98266",45.52
"OMIM:300886","MGI:96090",21.58
"OMIM:264120","MGI:96090",59.35
"OMIM:601794","MGI:98266",24.68
"OMIM:300055","MGI:96090",7.58
"OMIM:603909","MGI:1345961",47.68
"OMIM:216950","MGI:1345961",50.94
"ORPHA:2278","MGI:98266",33.85
"ORPHA:325345","MGI:3665157",49.42
"OMIM:612840","MGI:1345961",28.6
"OMIM:608709","MGI:1345961",25.36
"OMIM:614292","MGI:98266",35.93
"OMIM:614470","MGI:1345961",41.8
"OMIM:615559","MGI:1345961",45.58
"OMIM:618912","MGI:98266",0
"OMIM:618999","MGI:1345961",37.32
"OMIM:619183","MGI:1345961",36.91
"ORPHA:1067","MGI:98266",38.96
"ORPHA:1366","MGI:98266",24.89
"ORPHA:1369","MGI:98266",31.1
"ORPHA:1373","MGI:98266",23.55
"OMIM:619950","MGI:96090",2.79
"ORPHA:567548","MGI:1345961",28.57
"ORPHA:449432","MGI:1345961",24.91
"ORPHA:51608","MGI:1351634",5.61
"ORPHA:375","MGI:1345961",30.47
"ORPHA:393","MGI:96090",51.05
"ORPHA:656","MGI:1345961",31.53
"ORPHA:2172","MGI:1345961",19.36
"ORPHA:79506","MGI:87868",64.64
"ORPHA:79302","MGI:1928271",40.23
"ORPHA:85320","MGI:96090",58.79
"ORPHA:85327","MGI:96090",30.47
"ORPHA:85414","MGI:1345961",43.94
"ORPHA:3077","MGI:96090",11.82
"ORPHA:89844","MGI:1345961",8.82
"ORPHA:90033","MGI:1345961",38.39
"ORPHA:90036","MGI:1345961",31.3
"ORPHA:99889","MGI:109279",20.22
"OMIM:137940","MGI:1345961",16.88
"OMIM:162000","MGI:1345961",38.6
"OMIM:201910","MGI:109279",45.8
"OMIM:120790","MGI:1345961",45.87
"OMIM:125851","MGI:109279",64.66
"OMIM:301078","MGI:1345961",41.51
"OMIM:304790","MGI:1345961",35.99
"OMIM:301006","MGI:1345961",18.5
"OMIM:254000","MGI:98266",53.96
"OMIM:300238","MGI:96090",20.19
"OMIM:606392","MGI:109279",69.15
"OMIM:606394","MGI:109279",64.66
"OMIM:212065","MGI:87868",4.82
"OMIM:619428","MGI:1345961",13.05
"ORPHA:293978","MGI:109279",21.38
"ORPHA:26792","MGI:87868",4.92
"OMIM:614736","MGI:109279",38.08
"OMIM:613370","MGI:109279",59.28
"OMIM:613571","MGI:109279",56.72
"OMIM:607765","MGI:87868",15.54
"OMIM:608184","MGI:1345961",42.62
"OMIM:608776","MGI:87868",6.46
"OMIM:609939","MGI:1345961",43.39
"OMIM:610508","MGI:109279",69.15
"OMIM:610539","MGI:1928271",17.8
"OMIM:600496","MGI:109279",60.36
"OMIM:615412","MGI:98266",28.38
"OMIM:614473","MGI:1351634",10.04
"OMIM:613779","MGI:1345961",64.17
"OMIM:617006","MGI:1345961",58.6
"OMIM:616834","MGI:87868",31.49
"OMIM:615952","MGI:1345961",30.86
"OMIM:616511","MGI:109279",48.45
"OMIM:618852","MGI:1345961",58.83
"OMIM:618935","MGI:1345961",39.52
"OMIM:618398","MGI:1345961",40.12
"OMIM:618495","MGI:1345961",46.81
"ORPHA:1473","MGI:98266",27.61
"ORPHA:183675","MGI:1928271",8.74
"ORPHA:189427","MGI:109279",29.93
"ORPHA:1381","MGI:98266",28.62
"OMIM:620425","MGI:98266",29.13
"OMIM:620565","MGI:1345961",27.39
"OMIM:619525","MGI:1345961",13.71
"OMIM:620058","MGI:87868",53.2
"ORPHA:567544","MGI:1345961",35.24
"ORPHA:251004","MGI:1345961",13.48
"ORPHA:73245","MGI:98266",48.66
"ORPHA:96180","MGI:87868",11.14
"ORPHA:90790","MGI:109279",30.63
"ORPHA:90790","MGI:96090",17.12
"ORPHA:911","MGI:1345961",36.15
"OMIM:201470","MGI:87868",0
"OMIM:202110","MGI:109279",31.34
"OMIM:183800","MGI:98266",29.79
"OMIM:307500","MGI:109279",43.51
"OMIM:309520","MGI:96090",6.13
"OMIM:310468","MGI:1345961",38.14
"OMIM:212500","MGI:98266",58.07
"OMIM:212550","MGI:98266",30.06
"OMIM:619313","MGI:1345961",20.04
"OMIM:619375","MGI:1345961",63.49
"ORPHA:169090","MGI:1345961",29.48
"ORPHA:289548","MGI:3665157",17.29
"ORPHA:289548","MGI:109279",21.89
"ORPHA:324410","MGI:96090",8.53
"OMIM:613076","MGI:98266",55.33
"OMIM:609734","MGI:109279",43.95
"OMIM:616722","MGI:98266",48.37
"OMIM:616414","MGI:1345961",38.82
"OMIM:618810","MGI:1928271",14.99
"OMIM:619082","MGI:98266",52.05
"OMIM:619220","MGI:1345961",43.5
"OMIM:620795","MGI:1345961",46.98
"OMIM:619846","MGI:1345961",41.11
"ORPHA:37042","MGI:1345961",30.84
"ORPHA:399808","MGI:96090",47.99
"ORPHA:2084","MGI:98266",62.55
"ORPHA:231154","MGI:1345961",51.19
"ORPHA:95699","MGI:109279",14.13
"ORPHA:90793","MGI:109279",32.86
"ORPHA:90794","MGI:109279",21.52
"ORPHA:90795","MGI:109279",24
"OMIM:202010","MGI:109279",32.08
"OMIM:301109","MGI:1345961",42.35
"OMIM:314000","MGI:1345961",33.08
"OMIM:602450","MGI:1345961",31.93
"OMIM:271320","MGI:98266",51.07
"OMIM:274205","MGI:98266",39.93
"ORPHA:228426","MGI:1345961",33.09
"ORPHA:277","MGI:1345961",42.1
"OMIM:610156","MGI:98266",27.21
"OMIM:610539","MGI:87868",10.88
"OMIM:617718","MGI:1345961",35.26
"OMIM:616871","MGI:1345961",41.19
"ORPHA:79408","MGI:1345961",14.32
"ORPHA:90791","MGI:109279",28.66
"OMIM:247800","MGI:1345961",51.07
"OMIM:136580","MGI:1345961",34.88
"OMIM:201810","MGI:109279",28.2
"ORPHA:331206","MGI:1345961",28.53
"OMIM:611812","MGI:3665157",20.17
"OMIM:611812","MGI:109279",16.74
"OMIM:614199","MGI:1345961",28.45
"OMIM:614376","MGI:1345961",17.97
"OMIM:613743","MGI:3665157",33.45
"OMIM:618810","MGI:87868",9.07
"OMIM:620367","MGI:1928271",24.35
"ORPHA:567546","MGI:1345961",18.17
"ORPHA:399805","MGI:96090",50.86
"ORPHA:85112","MGI:3665157",57.64
"OMIM:301066","MGI:1928271",7.74
"ORPHA:276","MGI:1345961",24.98
"ORPHA:168558","MGI:3665157",17.59
"ORPHA:168558","MGI:109279",20.93
"ORPHA:69063","MGI:1345961",46.56
"ORPHA:90796","MGI:109279",21.56
"OMIM:251750","MGI:98266",42.57
"ORPHA:562639","MGI:1345961",45.56
"OMIM:607330","MGI:104511",12.07
"ORPHA:14","MGI:104511",9.16
"ORPHA:56","MGI:104511",7.12
"ORPHA:412","MGI:104511",35.59
"ORPHA:926","MGI:104511",13.94
"OMIM:613913","MGI:1345961",27.55
"ORPHA:444463","MGI:1345961",58.88
"OMIM:120433","MGI:98266",33.48
"OMIM:145750","MGI:104511",49.33
"OMIM:223370","MGI:104511",3.56
"OMIM:203800","MGI:104511",9.39
"OMIM:205400","MGI:104511",24.67
"OMIM:264800","MGI:104511",13.79
"OMIM:277700","MGI:104511",12.53
"OMIM:604809","MGI:104511",23.94
"OMIM:210250","MGI:104511",25.16
"OMIM:619324","MGI:104511",54.41
"OMIM:618666","MGI:104511",72.36
"ORPHA:1457","MGI:104511",29.28
"ORPHA:191","MGI:104511",4.34
"ORPHA:333","MGI:104511",5.07
"ORPHA:650","MGI:104511",35.42
"ORPHA:2067","MGI:104511",5.86
"ORPHA:2069","MGI:104511",14.41
"ORPHA:758","MGI:104511",10.84
"ORPHA:79324","MGI:104511",4.9
"ORPHA:31150","MGI:104511",27.32
"ORPHA:90041","MGI:104511",19.52
"ORPHA:902","MGI:104511",6.04
"ORPHA:439232","MGI:104511",12.59
"ORPHA:36913","MGI:104511",14.43
"ORPHA:909","MGI:104511",4.59
"OMIM:245900","MGI:104511",35.33
"OMIM:246700","MGI:104511",30.91
"OMIM:143890","MGI:104511",45.77
"OMIM:144010","MGI:104511",57.55
"OMIM:238600","MGI:104511",35.69
"OMIM:242900","MGI:104511",6.16
"OMIM:244450","MGI:104511",6.47
"OMIM:208060","MGI:104511",21.8
"OMIM:603813","MGI:104511",71.39
"OMIM:604091","MGI:104511",69.05
"ORPHA:229","MGI:104511",44.15
"OMIM:610883","MGI:104511",6.09
"OMIM:614338","MGI:104511",45.12
"OMIM:615558","MGI:104511",27.19
"OMIM:615947","MGI:104511",36.53
"OMIM:618156","MGI:104511",10.95
"OMIM:618463","MGI:104511",47.49
"ORPHA:2047","MGI:104511",9.28
"ORPHA:536","MGI:104511",0
"ORPHA:391665","MGI:104511",39.37
"ORPHA:2073","MGI:104511",0
"ORPHA:79474","MGI:104511",7.71
"ORPHA:785","MGI:104511",9.21
"ORPHA:79292","MGI:104511",33.7
"ORPHA:435638","MGI:104511",5.66
"ORPHA:71","MGI:104511",12.97
"ORPHA:90363","MGI:104511",9.39
"OMIM:230650","MGI:104511",12.7
"OMIM:266510","MGI:104511",13.98
"OMIM:278000","MGI:104511",17.54
"OMIM:176670","MGI:104511",22.54
"OMIM:177850","MGI:104511",18.16
"OMIM:269600","MGI:104511",22.63
"OMIM:270400","MGI:104511",4.66
"ORPHA:264675","MGI:104511",22.58
"ORPHA:275761","MGI:104511",15.98
"OMIM:612356","MGI:104511",63.41
"OMIM:614008","MGI:104511",6.15
"ORPHA:1830","MGI:104511",9.55
"OMIM:619802","MGI:104511",9.73
"ORPHA:565612","MGI:104511",19.18
"ORPHA:494424","MGI:104511",31.04
"ORPHA:231160","MGI:104511",36.96
"ORPHA:93598","MGI:104511",21.03
"ORPHA:95427","MGI:104511",12.99
"ORPHA:740","MGI:104511",5
"ORPHA:747","MGI:104511",17.16
"ORPHA:75234","MGI:104511",28.96
"ORPHA:90324","MGI:104511",6.06
"ORPHA:425","MGI:104511",45.62
"OMIM:144300","MGI:104511",59.52
"OMIM:151660","MGI:104511",18.14
"OMIM:132900","MGI:104511",47.03
"OMIM:257200","MGI:104511",11.08
"OMIM:257220","MGI:104511",17.61
"ORPHA:220295","MGI:104511",8.42
"ORPHA:2724","MGI:104511",28.87
"OMIM:607616","MGI:104511",28.05
"OMIM:607625","MGI:104511",14.45
"OMIM:608600","MGI:104511",22.4
"OMIM:611788","MGI:104511",51.48
"OMIM:615703","MGI:104511",31.5
"OMIM:617168","MGI:104511",27.98
"OMIM:616833","MGI:104511",20.9
"OMIM:616000","MGI:104511",25.24
"OMIM:618620","MGI:104511",48.57
"ORPHA:646","MGI:104511",5.05
"ORPHA:2348","MGI:104511",13.53
"ORPHA:79506","MGI:104511",55.41
"ORPHA:77293","MGI:104511",15.85
"ORPHA:79083","MGI:104511",15.56
"ORPHA:79084","MGI:104511",14.23
"ORPHA:412","MGI:104511",15.87
"ORPHA:363618","MGI:104511",22.34
"OMIM:249310","MGI:104511",5.33
"OMIM:300972","MGI:104511",5.76
"ORPHA:263501","MGI:104511",7.71
"OMIM:210250","MGI:104511",16.23
"OMIM:212065","MGI:104511",6.39
"OMIM:619324","MGI:104511",79.37
"ORPHA:280365","MGI:104511",14.82
"OMIM:607765","MGI:104511",14.77
"OMIM:608320","MGI:104511",45.11
"OMIM:608776","MGI:104511",6.31
"OMIM:610947","MGI:104511",30.49
"OMIM:616834","MGI:104511",29.64
"OMIM:616222","MGI:104511",8.61
"OMIM:618666","MGI:104511",53.81
"ORPHA:1192","MGI:104511",16.56
"OMIM:620058","MGI:104511",72.39
"ORPHA:633","MGI:104511",9.16
"ORPHA:2457","MGI:104511",10.1
"ORPHA:96180","MGI:104511",10.85
"ORPHA:79237","MGI:104511",13.9
"ORPHA:86816","MGI:104511",20.67
"ORPHA:90041","MGI:104511",11.68
"OMIM:144010","MGI:104511",43.26
"OMIM:238600","MGI:104511",27.14
"OMIM:118450","MGI:104511",4.93
"OMIM:182290","MGI:104511",4.78
"OMIM:309000","MGI:104511",6.53
"OMIM:602247","MGI:104511",72.9
"OMIM:176270","MGI:104511",4.49
"OMIM:603776","MGI:104511",45.24
"OMIM:603813","MGI:104511",53.69
"ORPHA:273","MGI:104511",2.28
"OMIM:614338","MGI:104511",47.54
"OMIM:614025","MGI:104511",44.23
"ORPHA:186","MGI:104511",9.84
"ORPHA:1979","MGI:104511",15.43
"ORPHA:199354","MGI:104511",12.29
"ORPHA:140905","MGI:104511",51.94
"ORPHA:470","MGI:104511",10.78
"ORPHA:528","MGI:104511",9.17
"ORPHA:391665","MGI:104511",10.07
"ORPHA:401923","MGI:104511",10.14
"ORPHA:209902","MGI:104511",37.19
"ORPHA:247585","MGI:104511",14.47
"ORPHA:230839","MGI:104511",14.23
"ORPHA:819","MGI:104511",3.64
"ORPHA:91387","MGI:104511",26.77
"OMIM:232700","MGI:104511",33
"OMIM:144250","MGI:104511",56.84
"OMIM:207750","MGI:104511",38.26
"OMIM:306000","MGI:104511",25.58
"OMIM:301033","MGI:104511",22.12
"OMIM:256300","MGI:104511",15
"OMIM:278000","MGI:104511",11.67
"OMIM:619471","MGI:104511",9.08
"ORPHA:275761","MGI:104511",8.42
"OMIM:610539","MGI:104511",10.41
"OMIM:616730","MGI:104511",11.24
"OMIM:616267","MGI:104511",20.5
"OMIM:618348","MGI:104511",7.26
"OMIM:620211","MGI:104511",21.74
"ORPHA:488650","MGI:104511",17.07
"ORPHA:534","MGI:104511",3.92
"ORPHA:2479","MGI:104511",5.85
"ORPHA:75234","MGI:104511",19.02
"ORPHA:77296","MGI:104511",11.8
"ORPHA:90065","MGI:104511",6.51
"ORPHA:69663","MGI:104511",9.4
"OMIM:144300","MGI:104511",45.01
"OMIM:151660","MGI:104511",10.91
"OMIM:277460","MGI:104511",19.89
"OMIM:605814","MGI:104511",30.88
"OMIM:606721","MGI:104511",5.24
"ORPHA:280679","MGI:104511",14.78
"OMIM:612526","MGI:104511",18.16
"OMIM:610842","MGI:104511",19.18
"OMIM:615703","MGI:104511",24.02
"OMIM:615812","MGI:104511",26.69
"OMIM:618810","MGI:104511",8.73
"OMIM:619662","MGI:104511",15.38
"OMIM:619855","MGI:104511",55.99
"OMIM:619868","MGI:104511",23.87
"ORPHA:567548","MGI:104511",15.87
"ORPHA:79506","MGI:104511",72.35
"ORPHA:363618","MGI:104511",9.06
"ORPHA:90674","MGI:104511",8.56
"OMIM:248370","MGI:104511",7.46
"OMIM:608320","MGI:104511",28.58
"OMIM:616828","MGI:104511",15.78
"OMIM:616829","MGI:104511",19.97
"OMIM:615863","MGI:104511",31.7
"OMIM:620454","MGI:104511",10.87
"OMIM:619534","MGI:104511",4.2
"OMIM:300845","MGI:104511",12.71
"ORPHA:64753","MGI:104511",15.88
"ORPHA:209902","MGI:104511",18.37
"ORPHA:247598","MGI:104511",24.97
"ORPHA:254531","MGI:104511",10.68
"ORPHA:94124","MGI:104511",17.4
"ORPHA:91135","MGI:104511",33.47
"OMIM:208920","MGI:104511",10.53
"OMIM:209010","MGI:104511",33.14
"OMIM:607250","MGI:104511",17.3
"ORPHA:264580","MGI:104511",7.14
"ORPHA:96184","MGI:104511",7.31
"ORPHA:79240","MGI:104511",7.85
"ORPHA:79259","MGI:104511",7.13
"OMIM:610644","MGI:104511",14.7
