-- MySQL dump 10.13  Distrib 9.0.1, for macos14.7 (arm64)
--
-- Host: localhost    Database: IMPCDb
-- ------------------------------------------------------
-- Server version	9.0.1

/*!40101 SET @OLD_CHARACTER_SET_CLIENT=@@CHARACTER_SET_CLIENT */;
/*!40101 SET @OLD_CHARACTER_SET_RESULTS=@@CHARACTER_SET_RESULTS */;
/*!40101 SET @OLD_COLLATION_CONNECTION=@@COLLATION_CONNECTION */;
/*!50503 SET NAMES utf8mb4 */;
/*!40103 SET @OLD_TIME_ZONE=@@TIME_ZONE */;
/*!40103 SET TIME_ZONE='+00:00' */;
/*!40014 SET @OLD_UNIQUE_CHECKS=@@UNIQUE_CHECKS, UNIQUE_CHECKS=0 */;
/*!40014 SET @OLD_FOREIGN_KEY_CHECKS=@@FOREIGN_KEY_CHECKS, FOREIGN_KEY_CHECKS=0 */;
/*!40101 SET @OLD_SQL_MODE=@@SQL_MODE, SQL_MODE='NO_AUTO_VALUE_ON_ZERO' */;
/*!40111 SET @OLD_SQL_NOTES=@@SQL_NOTES, SQL_NOTES=0 */;

--
-- Table structure for table `Analyses`
--

DROP TABLE IF EXISTS `Analyses`;
/*!40101 SET @saved_cs_client     = @@character_set_client */;
/*!50503 SET character_set_client = utf8mb4 */;
CREATE TABLE `Analyses` (
  `analysis_id` varchar(15) NOT NULL,
  `gene_accession_id` varchar(11) DEFAULT NULL,
  `mouse_life_stage` varchar(17) DEFAULT NULL,
  `mouse_strain` varchar(5) DEFAULT NULL,
  `parameter_id` varchar(18) DEFAULT NULL,
  `p_value` float DEFAULT NULL,
  PRIMARY KEY (`analysis_id`),
  KEY `gene_accession_id` (`gene_accession_id`),
  KEY `parameter_id` (`parameter_id`),
  CONSTRAINT `analyses_ibfk_1` FOREIGN KEY (`gene_accession_id`) REFERENCES `Genes` (`gene_accession_id`),
  CONSTRAINT `analyses_ibfk_2` FOREIGN KEY (`parameter_id`) REFERENCES `Parameters` (`parameter_id`)
) ENGINE=InnoDB DEFAULT CHARSET=utf8mb4 COLLATE=utf8mb4_0900_ai_ci COMMENT='Stores analysis results linking Genes and Parameters (many-to-one), including p-values and strain info.';
/*!40101 SET character_set_client = @saved_cs_client */;

--
-- Dumping data for table `Analyses`
--

LOCK TABLES `Analyses` WRITE;
/*!40000 ALTER TABLE `Analyses` DISABLE KEYS */;
INSERT INTO `Analyses` VALUES ('0034yrl724hagpm','MGI:2140050','C57BL','E9.5','IMPC_GEO_019_001',0.599308),('003f878t6bp36em','MGI:1913420','C57BL','Early','IMPC_ACS_037_001',0.683773),('003r8i8i5c800rm','MGI:1924467','C57BL','Early','IMPC_IPG_010_001',0.000012715),('003y65o66ffzp7a','MGI:1924232','C57BL','Early','IMPC_HEM_019_001',0.47493),('006197j1j21991m','MGI:2684896','C57BL','Early','IMPC_EYE_027_001',0.297682),('006n7w96bpx62nx','MGI:1918398','129SV','Early','IMPC_CSD_025_001',0.275171),('00gc404c8wspagm','MGI:1917770','C57BL','Early','IMPC_EYE_026_001',0.12411),('00swp4930bq3hta','MGI:1914199','C57BL','Early','IMPC_CSD_041_002',0.321265),('00z341lw4tmt6na','MGI:97383','C57BL','Early','IMPC_GRS_010_001',0.294394),('01154eyw6fr4ksa','MGI:1349164','C57BL','Early','IMPC_ABR_010_001',0.448839),('0119w207801674a','MGI:2442704','C57BL','Early','IMPC_HEM_019_001',0.239418),('0148j10rn67205m','MGI:2444631','C57BL','E12.5','IMPC_GEL_058_001',0.994442),('017con0zw292b4x','MGI:1914199','C57BL','Early','IMPC_HEM_001_001',0.36698),('01b921qek008jta','MGI:1917770','C57BL','Early','IMPC_GEM_069_001',0.236966),('01u93w36bfs6i8x','MGI:2443564','C57BL','E9.5','IMPC_DXA_009_001',0.653087),('01w2u3pbz77f0cx','MGI:1921520','C57BL','Early','IMPC_DXA_004_001',0.627383),('022gc237ebj202a','MGI:1890510','C57BL','Early','IMPC_DXA_009_001',0.00000000134313),('0232g8k88d03a3a','MGI:1915282','C57BL','Early','IMPC_ACS_006_001',0.539967),('0257jy8lbw1qugx','MGI:107171','C57BL','Early','IMPC_DXA_006_001',0.697847),('02anbnosd8fb32m','MGI:3611233','C57BL','Early','IMPC_EYE_025_001',0.52673),('02b4f63i78a1e4a','MGI:107363','C57BL','Early','IMPC_IPG_010_001',0.889158),('02d92wf7l2gq8aa','MGI:2387617','C57BL','Early','IMPC_DXA_006_001',0.442059),('02osij4k0z0f32a','MGI:3588202','C57BL','Early','IMPC_EYE_027_001',0.590871),('02y4858mhj7tv0x','MGI:106925','C57BL','Middl','IMPC_EYE_056_001',0.471783),('031g5otg7s3o3ca','MGI:97383','C57BL','Early','IMPC_ECH_018_001',0.0824989),('035v282575h65kx','MGI:104559','C57BL','Early','IMPC_ECG_010_001',0.946673),('037qpl5cun9619a','MGI:103559','C57BL','Early','IMPC_CBC_004_001',0.224201),('038wb1ggu71dcix','MGI:1923953','C57BL','Early','IMPC_GEP_022_001',0.437636),('03o34612ocewe5a','MGI:1919880','C57BL','Early','IMPC_EYE_025_001',0.737543),('03w57iuaa187yaa','MGI:1350930','C57BL','E12.5','IMPC_DXA_009_001',0.373593),('04kj8m4x3b343kx','MGI:2676312','C57BL','Early','IMPC_OWT_002_001',0.590263),('04ku50665zepwcx','MGI:2384297','C57BL','E9.5','IMPC_ACS_006_001',0.305073),('050t179i06k9ihx','MGI:106637','C57BL','E9.5','IMPC_ACS_035_001',0.147197),('05120v5c87h86ca','MGI:1918142','C57BL','Early','IMPC_CSD_028_001',0.318662),('05148743bn1j97x','MGI:1924232','C57BL','Early','IMPC_DXA_009_001',0.965512),('053zgu37c1i991a','MGI:106925','C57BL','Early','IMPC_GRS_010_001',0.858232),('0596l05fbk52prx','MGI:1920199','C57BL','Early','IMPC_CBC_004_001',0.21261),('05e51ha85tpjaox','MGI:1927241','C57BL','E12.5','IMPC_GRS_010_001',0.562837),('05upk1yr9wnej9m','MGI:101770','C57BL','Early','IMPC_ECH_013_001',0.532488),('0600hmp730pq49x','MGI:98386','C57BL','E9.5','IMPC_HEM_027_001',0.307018),('062w1t19s06pp9m','MGI:107363','C57BL','E18.5','IMPC_GEM_068_001',0.509702),('06d94662b697njx','MGI:1922776','C57BL','Early','IMPC_HEM_027_001',0.110921),('06f26zf05j803ta','MGI:2138198','C57BL','Early','IMPC_CBC_024_001',0.63356),('06fninx58a1sh1x','MGI:2140050','C57BL','Early','IMPC_IPG_012_001',0.255091),('06h453ezyiy492a','MGI:98397','129SV','Early','IMPC_ECG_028_001',0.735295),('06w4k91o3mog7tm','MGI:2677271','C57BL','Early','IMPC_GEO_019_001',0.800492),('072d6jz1dw34l6m','MGI:1096385','C57BL','Late ','IMPC_GEM_019_001',0.896033),('073778ia03bh34a','MGI:105383','C57BL','Early','IMPC_GEM_019_001',0.411765),('07w4051nh0x3aea','MGI:97803','C57BL','E15.5','IMPC_GRS_011_001',0.994019),('08235i547c481lm','MGI:1351315','C57BL','Early','IMPC_GEP_005_002',0.458024),('08441gk7s9bmwjm','MGI:1096385','C57BL','Early','IMPC_DXA_007_001',0.312138),('086g16lplt382nm','MGI:1915862','C57BL','Early','IMPC_ECG_028_001',0.96662),('08e3d725v5u301x','MGI:1931071','C57BL','Early','IMPC_ECG_028_001',0.385426),('08hu634amg4p16m','MGI:1339755','C57BL','Early','IMPC_CSD_040_002',0.0782721),('08u90dex56p4w9a','MGI:1918142','C57BL','Early','IMPC_CSD_025_001',0.524692),('08yb1o2cc62g2nx','MGI:1924265','C57BL','Early','IMPC_ECH_018_001',0.997411),('0915657j69xd0im','MGI:2444631','C57BL','E15.5','IMPC_GEP_022_001',0.992467),('093yqd237y653ga','MGI:1278321','C57BL','Early','IMPC_CSD_036_001',0.593164),('0940k7x9cd0h2mx','MGI:2676312','C57BL','Early','IMPC_CSD_028_001',0.203056),('0970c14h32zc7zx','MGI:1918142','C57BL','Early','IMPC_GEL_058_001',0.255713),('09e1be2j2o03elx','MGI:2444508','C57BL','E12.5','IMPC_HEM_019_001',0.145379),('09u578h7b5xrx7a','MGI:1921722','C57BL','Early','IMPC_GEL_060_001',0.224469),('09u8g8qj68058qa','MGI:109424','C57BL','Early','IMPC_GEM_019_001',0.664013),('0am5ydxb39r4jwa','MGI:1339968','C57BL','Early','IMPC_ABR_008_001',0.402188),('0b996u260xerbea','MGI:2444631','C57BL','Early','IMPC_OWT_002_001',0.969167),('0c21ut6uqdf267x','MGI:2681832','C57BL','Early','IMPC_GEM_068_001',0.745042),('0c27n8k042bx9sm','MGI:1914454','C57BL','E9.5','IMPC_EYE_003_001',0.383755),('0c48wyf1h6i5ujx','MGI:97383','C57BL','Early','IMPC_ACS_006_001',0.772777),('0c66t7x52ihbxgx','MGI:3611450','C57BL','Early','IMPC_ECG_010_001',0.311152),('0e2lh1thtdoc14a','MGI:97565','C57BL','Early','IMPC_GEM_069_001',0.362187),('0e7wb9zw25mg65m','MGI:88015','C57BL','Early','IMPC_ECG_010_001',0.48917),('0f4mm0z3z18213m','MGI:1923304','C57BL','Early','IMPC_GEO_019_001',0.966771),('0fvf125i531760m','MGI:98397','C57BL','Early','IMPC_GEL_058_001',0.611915),('0g9mwldf9g10b5m','MGI:1915862','C57BL','E12.5','IMPC_GEL_060_001',0.991886),('0h101605w9mw8rm','MGI:102844','C57BL','Early','IMPC_ACS_033_001',0.118496),('0h38f13v78nmg7x','MGI:98397','129SV','Early','IMPC_ECG_010_001',0.745006),('0h5034rmj1fi65m','MGI:106925','C57BL','Middl','IMPC_EYE_026_001',0.741974),('0hdd375278pmlhm','MGI:2385213','C57BL','Early','IMPC_ACS_033_001',0.255763),('0i4fgxiv8w05v5x','MGI:2441837','C57BL','E18.5','IMPC_DXA_009_001',0.755181),('0iur14ljeg56wcm','MGI:95777','129SV','Early','IMPC_CBC_024_001',0.0977438),('0k0ysba2r6t15gm','MGI:109424','C57BL','Early','IMPC_GEM_069_001',0.316553),('0k3bz94q4q5hsua','MGI:3041190','C57BL','Early','IMPC_CSD_025_001',0.774574),('0k4p107f128hi4m','MGI:1919369','C57BL','Early','IMPC_XRY_033_001',0.436034),('0kt5dr0h5s4584x','MGI:1919880','C57BL','Early','IMPC_GEM_069_001',0.527245),('0kv59x0e9rkzr0x','MGI:108429','C57BL','Early','IMPC_GEM_070_001',0.807182),('0l5g5d372sj6yia','MGI:2679260','C57BL','Early','IMPC_CSD_025_001',0.419759),('0l78sc9h82n2xkx','MGI:106637','C57BL','E9.5','IMPC_GRS_011_001',0.204908),('0m19rs9yi5gl4dx','MGI:1919369','C57BL','E9.5','IMPC_CSD_040_002',0.677413),('0mo82376cexv7ja','MGI:88015','C57BL','E15.5','IMPC_GEL_060_001',0.564782),('0o01uc6i5eyj69a','MGI:107171','C57BL','Early','IMPC_GEM_070_001',0.53907),('0o1k058ajf9705m','MGI:1927753','C57BL','Early','IMPC_DXA_002_001',0.116641),('0oinlw57w93dv9m','MGI:1915599','C57BL','Early','IMPC_DXA_004_001',0.494116),('0q9f1ic8nsmap7a','MGI:2140592','C57BL','Early','IMPC_DXA_003_001',0.445229),('0q9r7406u79co9a','MGI:106637','C57BL','Early','IMPC_HWT_002_001',0.911078),('0r2345z14axp0bx','MGI:2685260','C57BL','Early','IMPC_GEM_069_001',0.714824),('0rg0ezp8y6519da','MGI:1201673','C57BL','E9.5','IMPC_ABR_004_001',0.895742),('0ri80y5fn51oohx','MGI:1916987','C57BL','E12.5','IMPC_ACS_034_001',0.956417),('0s1g54b9g6si71x','MGI:1916413','C57BL','E9.5','IMPC_DXA_005_001',0.286082),('0sfd3f1h59vw20m','MGI:1309469','C57BL','E12.5','IMPC_HEM_019_001',0.525979),('0tfeqq9svnp9ykm','MGI:1923304','C57BL','Early','IMPC_HEM_019_001',0.106378),('0u45364aws7q61x','MGI:104793','C57BL','Early','IMPC_GRS_010_001',0.564302),('0v59ab88di74mmm','MGI:1927241','C57BL','Early','IMPC_GRS_010_001',0.547008),('0wjtdf0fpwq22fx','MGI:98960','C57BL','E15.5','IMPC_IPG_012_001',0.112702),('0wqa146j1uh90pa','MGI:104793','C57BL','Early','IMPC_GEO_019_001',0.969656),('0wr9j3o9at64z3x','MGI:1915862','C57BL','E18.5','IMPC_GEM_019_001',0.148432),('0y3rk747zeyu70m','MGI:2444631','C57BL','E15.5','IMPC_GEM_069_001',0.5068),('0y838p23wvv1d9x','MGI:101813','C57BL','Early','IMPC_IPG_010_001',0.980219),('0z20520u5qy2uza','MGI:1919300','C57BL','Early','IMPC_XRY_033_001',0.740046),('0z32aubhk94n82m','MGI:104559','C57BL','Early','IMPC_DXA_007_001',0.781135),('10633i32v82977m','MGI:1916428','129SV','Early','IMPC_EYE_024_001',0.334089),('107pewvbbhbp6ca','MGI:1916330','C57BL','Early','IMPC_DXA_004_001',0.227931),('10928m2om0hyvnm','MGI:1921735','C57BL','Early','IMPC_ABR_012_001',0.296197),('10994617g3521dm','MGI:101770','C57BL','Early','IMPC_GEM_019_001',0.871759),('10tje41ymi35k0x','MGI:1917770','C57BL','Early','IMPC_ABR_004_001',0.309698),('112ofuls94128cx','MGI:1923304','C57BL','Early','IMPC_DXA_008_001',0.431502),('11391j95581d7sx','MGI:1309469','C57BL','E15.5','IMPC_CSD_025_001',0.597644),('114100fj4zk68oa','MGI:1890510','C57BL','Early','IMPC_DXA_006_001',0.598595),('114t38r3891q1vx','MGI:97565','C57BL','Early','IMPC_CSD_025_001',0.306437),('11882tn2f87xv3a','MGI:1913790','129SV','Early','IMPC_ECG_028_001',0.528945),('11f5en48jb5d69x','MGI:1918066','C57BL','Early','IMPC_ECH_018_001',0.113795),('11jk69y0po371tx','MGI:97565','C57BL','E9.5','IMPC_CSD_041_002',0.148203),('122s702wbr0eh4a','MGI:1916987','C57BL','E12.5','IMPC_GRS_010_001',0.692527),('1244ds6x93c14gx','MGI:107191','C57BL','Early','IMPC_DXA_005_001',0.539549),('12j57w739216ldm','MGI:1098604','C57BL','Early','IMPC_EYE_003_001',0.295881),('12jmucso440rc0x','MGI:97565','C57BL','E9.5','IMPC_GEM_070_001',0.335087),('12nynhlw1cx0gua','MGI:107674','C57BL','Early','IMPC_CBC_004_001',0.891927),('12o2sei088i1jhm','MGI:107191','C57BL','Early','IMPC_GRS_010_001',0.934899),('12u254853p038pa','MGI:1350930','C57BL','E12.5','IMPC_IPG_010_001',0.936343),('13b447wl386tg5m','MGI:106925','C57BL','Late ','IMPC_EYE_003_001',0.102017),('13b5cj605kjfh6m','MGI:101813','C57BL','Early','IMPC_CSD_040_002',0.902204),('13g5mub9r8yo4aa','MGI:2443805','C57BL','Early','IMPC_ACS_037_001',0.799525),('13m8c8iw0y861xa','MGI:106637','C57BL','E9.5','IMPC_HWT_002_001',0.714686),('13w4y4r6043jnvm','MGI:1920199','C57BL','Early','IMPC_CSD_036_001',0.310745),('14bgze2s07u46ra','MGI:2444824','C57BL','Early','IMPC_GEP_005_002',0.197005),('14jhjtdo621a4zx','MGI:97324','C57BL','Early','IMPC_HEM_005_001',0.0000234544),('14n74i00a5k7d1m','MGI:97803','C57BL','E9.5','IMPC_GRS_010_001',0.661088),('1526lye54qsjg3m','MGI:2681832','C57BL','Early','IMPC_CSD_041_002',0.199478),('1541h110j7j26ta','MGI:1924467','C57BL','Early','IMPC_XRY_033_001',0.321767),('155fwoz9k3d897m','MGI:1351315','C57BL','E9.5','IMPC_DXA_008_001',0.894999),('15r47p0lch4807m','MGI:1278321','C57BL','Early','IMPC_CSD_041_002',0.641294),('1610205l8fdo3xx','MGI:101784','C57BL','Early','IMPC_GEL_027_001',0.378915),('1637d20935cti1m','MGI:97565','C57BL','E12.5','IMPC_HWT_002_001',0.646464),('166960rwt5ozycm','MGI:2442704','C57BL','Early','IMPC_GEM_068_001',0.165172),('167o77o24fpghqx','MGI:101784','C57BL','Early','IMPC_EYE_003_001',0.559927),('168sfmqlhvuaq2m','MGI:101813','C57BL','Early','IMPC_GEL_060_001',0.86716),('16fj3127x0r081x','MGI:104688','C57BL','Early','IMPC_HWT_002_001',0.5107),('16lg06pc439l8am','MGI:1921722','C57BL','Early','IMPC_DXA_003_001',0.126475),('16nvrw599x7j9jm','MGI:1309469','C57BL','Early','IMPC_ACS_034_001',0.147603),('172gh523zehzm7x','MGI:1920199','C57BL','E12.5','IMPC_ACS_033_001',0.825991),('174j8170d58ei7m','MGI:1914454','C57BL','Early','IMPC_GEP_022_001',0.873421),('1766z8815lgdn7x','MGI:99218','C57BL','Early','IMPC_GEL_027_001',0.638122),('176n918uay91ilm','MGI:1201673','C57BL','E9.5','IMPC_CSD_036_001',0.587035),('17d44m64v5mvs1x','MGI:102519','C57BL','E12.5','IMPC_ECG_010_001',0.611362),('17d750450r2391m','MGI:1353435','C57BL','Early','IMPC_GEL_027_001',0.712064),('17ds6k681476k3a','MGI:1922776','C57BL','Early','IMPC_GEM_019_001',0.26388),('17s6bb7imp3ydjm','MGI:106925','C57BL','Middl','IMPC_GEL_058_001',0.645076),('17y7wd7n4c3z84a','MGI:1341898','C57BL','Early','IMPC_GEP_022_001',0.277948),('1812692miq964nm','MGI:1921722','C57BL','Early','IMPC_HEM_001_001',0.492111),('18652dflg44882m','MGI:1913692','C57BL','E9.5','IMPC_GRS_010_001',0.651462),('188y5739787unha','MGI:2443564','C57BL','E12.5','IMPC_CSD_036_001',0.10985),('189w32iabn825lm','MGI:97850','C57BL','Early','IMPC_ECH_013_001',0.907332),('18sg497u1m10lva','MGI:1859866','C57BL','E12.5','IMPC_EYE_027_001',0.860421),('195t43k84v5147m','MGI:97565','C57BL','E12.5','IMPC_XRY_033_001',0.665552),('196fnsw8bj8499m','MGI:1921263','C57BL','Early','IMPC_HEM_005_001',0.512305),('196lyr4bmv36mpx','MGI:1890510','C57BL','Early','IMPC_GRS_010_001',0.0677078),('197ou4178zo7h2x','MGI:1922423','C57BL','Early','IMPC_HEM_002_001',0.0966458),('1a368297t53e2wx','MGI:1920484','C57BL','Early','IMPC_GEO_019_001',0.216395),('1au474egzs58b1x','MGI:104899','C57BL','E9.5','IMPC_ABR_012_001',0.670507),('1bj9c23aohthclx','MGI:3590554','C57BL','Early','IMPC_GEP_005_002',0.824384),('1c05850zr62d0mx','MGI:106925','C57BL','Early','IMPC_GEL_058_001',0.346378),('1cbh67h79y3lb3a','MGI:2385213','C57BL','Early','IMPC_ECG_010_001',0.893679),('1ciwfrc00b521va','MGI:95777','129SV','Early','IMPC_HEM_027_001',0.128313),('1dd4p5lxknyr20x','MGI:106637','C57BL','E9.5','IMPC_XRY_033_001',0.984798),('1e6kuc0818yc53a','MGI:107341','C57BL','Early','IMPC_GRS_010_001',0.228454),('1ey3t63h2j2gr2a','MGI:2153070','C57BL','Early','IMPC_DXA_010_001',0.92999),('1it3465e07h44vm','MGI:1923676','C57BL','Early','IMPC_HWT_002_001',0.782055),('1k33353df29hola','MGI:1924232','C57BL','Early','IMPC_GRS_010_001',0.132297),('1kq3fwg3a19l62a','MGI:1891259','C57BL','Early','IMPC_HEM_005_001',0.194245),('1o80s21xs2m0y9m','MGI:98960','C57BL','E15.5','IMPC_DXA_003_001',0.536075),('1opg071os4lyy8m','MGI:1920199','C57BL','E12.5','IMPC_HWT_002_001',0.831006),('1prd3n65685386m','MGI:104899','C57BL','E9.5','IMPC_GEM_069_001',0.146022),('1q072pq8yg73w4a','MGI:1915643','C57BL','Late ','IMPC_DXA_005_001',0.858506),('1r5b5p1bg63ji5a','MGI:1917120','C57BL','E18.5','IMPC_DXA_006_001',0.751987),('1ru23tad1ur785m','MGI:2679420','C57BL','Early','IMPC_GEM_068_001',0.606177),('1w17r0zio5zf18a','MGI:1353665','C57BL','Early','IMPC_ECH_013_001',0.746451),('1wpho841u1vtt4a','MGI:1913790','C57BL','Early','IMPC_ACS_006_001',0.432023),('1xb5m9w3ghg9l1a','MGI:1095412','C57BL','Late ','IMPC_DXA_003_001',0.093287),('1y437v41p1qtt1a','MGI:1096385','C57BL','Late ','IMPC_ECH_013_001',0.948315),('1y8fr84iq53461a','MGI:101813','C57BL','E9.5','IMPC_GRS_011_001',0.917708),('1zi85919l5ywboa','MGI:1919880','C57BL','Early','IMPC_CBC_004_001',0.590207),('238mj5w98usp4ea','MGI:1927241','C57BL','E9.5','IMPC_DXA_002_001',0.27582),('245cq823zar881a','MGI:1920199','C57BL','E18.5','IMPC_ACS_006_001',0.747811),('24m5rwnbp11yj8a','MGI:106637','C57BL','E9.5','IMPC_ABR_008_001',0.879853),('25d9anb43y719ba','MGI:3045320','C57BL','Early','IMPC_EYE_027_001',0.703621),('26a7sm31m2g1xla','MGI:2442704','C57BL','Early','IMPC_ACS_006_001',0.857348),('26x1519p50bw36a','MGI:1914199','C57BL','Early','IMPC_ABR_004_001',0.949024),('272dr954tzggwaa','MGI:109424','C57BL','Early','IMPC_HWT_002_001',0.426738),('28x97bm4y83rf7a','MGI:2384297','C57BL','E12.5','IMPC_ACS_036_001',0.426433),('292lz6132k5030a','MGI:1919369','C57BL','Early','IMPC_ABR_004_001',0.917786),('29726wekzn5934a','MGI:108429','C57BL','Early','IMPC_GRS_011_001',0.405055),('29j8xa51kj3104a','MGI:1913761','C57BL','Early','IMPC_EYE_026_001',0.22676),('2au62fbr987uhya','MGI:1891259','C57BL','Early','IMPC_ABR_010_001',0.154826),('2d7yi0934fk035a','MGI:3588202','C57BL','Early','IMPC_ECG_010_001',0.477703),('2dmbamf8s49x9ja','MGI:1920199','C57BL','E18.5','IMPC_HEM_019_001',0.619086),('2fig3cl3l89ffsa','MGI:1922423','C57BL','Early','IMPC_ACS_033_001',0.890817),('2hho56u2a9pnbla','MGI:98386','C57BL','E15.5','IMPC_CSD_025_001',0.703461),('2i9858dv60hreca','MGI:1913790','C57BL','Early','IMPC_DXA_005_001',0.488487);
/*!40000 ALTER TABLE `Analyses` ENABLE KEYS */;
UNLOCK TABLES;

--
-- Table structure for table `Diseases`
--

DROP TABLE IF EXISTS `Diseases`;
/*!40101 SET @saved_cs_client     = @@character_set_client */;
/*!50503 SET character_set_client = utf8mb4 */;
CREATE TABLE `Diseases` (
  `disease_id` varchar(50) NOT NULL,
  `disease_term` varchar(150) DEFAULT NULL,
  PRIMARY KEY (`disease_id`)
) ENGINE=InnoDB DEFAULT CHARSET=utf8mb4 COLLATE=utf8mb4_0900_ai_ci COMMENT='Stores disease identifiers and terms. Linked to Genes in PhenodigmScores (many-to-many).';
/*!40101 SET character_set_client = @saved_cs_client */;

--
-- Dumping data for table `Diseases`
--

LOCK TABLES `Diseases` WRITE;
/*!40000 ALTER TABLE `Diseases` DISABLE KEYS */;
/*!40000 ALTER TABLE `Diseases` ENABLE KEYS */;
UNLOCK TABLES;

--
-- Table structure for table `Genes`
--

DROP TABLE IF EXISTS `Genes`;
/*!40101 SET @saved_cs_client     = @@character_set_client */;
/*!50503 SET character_set_client = utf8mb4 */;
CREATE TABLE `Genes` (
  `gene_accession_id` varchar(11) NOT NULL,
  `gene_symbol` varchar(13) DEFAULT NULL,
  PRIMARY KEY (`gene_accession_id`)
) ENGINE=InnoDB DEFAULT CHARSET=utf8mb4 COLLATE=utf8mb4_0900_ai_ci COMMENT='Stores gene identifiers and symbols. Referenced by Analyses and PhenodigmScores (one-to-many).';
/*!40101 SET character_set_client = @saved_cs_client */;

--
-- Dumping data for table `Genes`
--

LOCK TABLES `Genes` WRITE;
/*!40000 ALTER TABLE `Genes` DISABLE KEYS */;
INSERT INTO `Genes` VALUES ('MGI:101770','Bfsp1'),('MGI:101784','Nes'),('MGI:101813','Coq3'),('MGI:102519','Cst3'),('MGI:102844','Mybpc3'),('MGI:103300','Rbl1'),('MGI:103559','Sox18'),('MGI:104294','Tyro3'),('MGI:104511','NA'),('MGI:104516','Slc23a3'),('MGI:104559','Rcn1'),('MGI:104688','Col4a3'),('MGI:104708','Cct3'),('MGI:104793','Runx1t1'),('MGI:104899','Mob4'),('MGI:105383','Il18r1'),('MGI:106637','Slc30a2'),('MGI:106925','Cldn11'),('MGI:107171','Ppp3r2'),('MGI:107191','Bmpr1b'),('MGI:107341','Ctss'),('MGI:107363','Stxbp1'),('MGI:107674','Cd1d1'),('MGI:108429','Lpar1'),('MGI:109279','NA'),('MGI:109424','Abca4'),('MGI:1095412','Unc5c'),('MGI:1096385','Bcan'),('MGI:1098604','Rragd'),('MGI:1201673','Shox2'),('MGI:1278321','Epc2'),('MGI:1309469','Casq2'),('MGI:1332243','Ugcg'),('MGI:1337072','Ier5'),('MGI:1339755','Csf3r'),('MGI:1339968','Cth'),('MGI:1341898','Nmur1'),('MGI:1341907','Fjx1'),('MGI:1343489','Mpdz'),('MGI:1345961','NA'),('MGI:1346069','Cdh20'),('MGI:1346086','Aplnr'),('MGI:1346342','Clca1'),('MGI:1347355','Slc7a11'),('MGI:1349164','Sdc4'),('MGI:1350926','Etv3'),('MGI:1350930','Srp9'),('MGI:1351315','Eloa'),('MGI:1351634','NA'),('MGI:1353435','Fbxw2'),('MGI:1353665','Usp21'),('MGI:1859866','Cdc20'),('MGI:1860511','Heyl'),('MGI:1889549','Txnip'),('MGI:1890510','Atp6v0b'),('MGI:1891259','Lrat'),('MGI:1913420','Chchd5'),('MGI:1913423','Ccdc107'),('MGI:1913491','Tmem9'),('MGI:1913692','Spc25'),('MGI:1913721','Anp32e'),('MGI:1913746','Ppdpf'),('MGI:1913761','Chtop'),('MGI:1913790','Fam107b'),('MGI:1913882','Dph6'),('MGI:1914199','Trim59'),('MGI:1914210','Mindy3'),('MGI:1914454','Eif2s2'),('MGI:1914542','Pigc'),('MGI:1915247','Ddx59'),('MGI:1915282','Emc4'),('MGI:1915599','Ndufs3'),('MGI:1915643','Mogat1'),('MGI:1915862','Ube2c'),('MGI:1916022','Smpdl3b'),('MGI:1916330','Gmppa'),('MGI:1916413','Mrpl44'),('MGI:1916428','Snx5'),('MGI:1916732','Nup35'),('MGI:1916987','Ttl'),('MGI:1917120','Polr3gl'),('MGI:1917770','Glipr2'),('MGI:1918066','Rpusd2'),('MGI:1918142','Ttll7'),('MGI:1918316','Hsfy2'),('MGI:1918398','Mier1'),('MGI:1919051','Plekhf2'),('MGI:1919084','Zbtb43'),('MGI:1919128','Fam83d'),('MGI:1919163','Tmem79'),('MGI:1919300','Poglut2'),('MGI:1919369','Tpx2'),('MGI:1919471','Cimip1'),('MGI:1919880','Hspa12b'),('MGI:1920199','Ccnt2'),('MGI:1920484','Snorc'),('MGI:1921263','Rftn2'),('MGI:1921520','Usp20'),('MGI:1921607','Efhd1'),('MGI:1921722','Stpg3'),('MGI:1921735','Lrrc71'),('MGI:1922387','Rprd2'),('MGI:1922423','Tex38'),('MGI:1922776','Eppin'),('MGI:1922828','Fggy'),('MGI:1922946','Prpf6'),('MGI:1923073','Fam227b'),('MGI:1923304','Prrc2b'),('MGI:1923676','Fam209'),('MGI:1923953','Cpb1'),('MGI:1924232','Vxn'),('MGI:1924256','Ddrgk1'),('MGI:1924265','Mpped2'),('MGI:1924467','Rspo4'),('MGI:1924486','Sccpdh'),('MGI:1924817','Tram2'),('MGI:1924933','Ehmt1'),('MGI:1924955','Cstdc2'),('MGI:1925835','Jade1'),('MGI:1926106','Fam163b'),('MGI:1927241','Wdr12'),('MGI:1927580','Bloc1s6'),('MGI:1927753','Inpp5e'),('MGI:1928271','NA'),('MGI:1931054','Slc43a3'),('MGI:1931071','Sec61a2'),('MGI:2135283','Igsf9'),('MGI:2138198','D630023f18rik'),('MGI:2139018','Olah'),('MGI:2139461','Tmem62'),('MGI:2140050','Ints3'),('MGI:2140259','Zmynd12'),('MGI:2140361','Slc35d1'),('MGI:2140592','Slc44a1'),('MGI:2140712','Phf24'),('MGI:2151053','Serpinb7'),('MGI:2153070','Synpo2'),('MGI:2154090','Igsf8'),('MGI:2158201','Acot8'),('MGI:2384297','Map7d1'),('MGI:2385213','Pdik1l'),('MGI:2387617','Obp2a'),('MGI:2441837','Adgrb3'),('MGI:2442177','Pced1a'),('MGI:2442704','Frrs1l'),('MGI:2442792','Cdh7'),('MGI:2443100','Bend7'),('MGI:2443564','Ambra1'),('MGI:2443805','Bnc2'),('MGI:2443925','Thsd7b'),('MGI:2444274','Cfap65'),('MGI:2444391','Slc25a44'),('MGI:2444508','Fitm2'),('MGI:2444631','Bltp1'),('MGI:2444681','Hhat'),('MGI:2444824','Sirpb1a'),('MGI:2444989','Spg11'),('MGI:2445096','Dhtkd1'),('MGI:2448514','R3hdm1'),('MGI:2654325','Gba2'),('MGI:2676312','Abca12'),('MGI:2677271','Slc24a5'),('MGI:2679260','Crb2'),('MGI:2679420','Pak6'),('MGI:2681832','Cspp1'),('MGI:2684789','Lrsam1'),('MGI:2684896','Maneal'),('MGI:2685195','Zbtb34'),('MGI:2685260','Otol1'),('MGI:2685869','Dpy19l4'),('MGI:3041190','Skint7'),('MGI:3045320','Mgat4f'),('MGI:3576049','Ugt1a2'),('MGI:3588202','Garin4'),('MGI:3588216','Ube2u'),('MGI:3590554','Firrm'),('MGI:3606212','Rbbp8nl'),('MGI:3611233','Tox2'),('MGI:3611450','Mettl21c'),('MGI:3617846','Ankrd34a'),('MGI:3646006','Gm5148'),('MGI:3649135','Gm7694'),('MGI:3650206','Gm12695'),('MGI:3665157','NA'),('MGI:87867','Acadm'),('MGI:87868','NA'),('MGI:87879','Aco1'),('MGI:88015','Ampd1'),('MGI:88525','Cryge'),('MGI:95281','Ect2'),('MGI:95777','Gnas'),('MGI:95975','Ifi44l'),('MGI:96090','NA'),('MGI:96429','Ifi204'),('MGI:97324','Nhlh2'),('MGI:97383','Ntrk1'),('MGI:97565','Pgm1'),('MGI:97803','Ptma'),('MGI:97850','Raly'),('MGI:97898','Ren1'),('MGI:98266','NA'),('MGI:98386','Sptan1'),('MGI:98397','Src'),('MGI:98960','Wnt6'),('MGI:98967','NA'),('MGI:99218','Cdh4');
/*!40000 ALTER TABLE `Genes` ENABLE KEYS */;
UNLOCK TABLES;

--
-- Table structure for table `GroupingsTable`
--

DROP TABLE IF EXISTS `GroupingsTable`;
/*!40101 SET @saved_cs_client     = @@character_set_client */;
/*!50503 SET character_set_client = utf8mb4 */;
CREATE TABLE `GroupingsTable` (
  `group_id` int NOT NULL,
  `group_name` varchar(50) DEFAULT NULL,
  PRIMARY KEY (`group_id`)
) ENGINE=InnoDB DEFAULT CHARSET=utf8mb4 COLLATE=utf8mb4_0900_ai_ci COMMENT='Defines groups of parameters_table. Linked to Parameters via a one-to-many join.';
/*!40101 SET character_set_client = @saved_cs_client */;

--
-- Dumping data for table `GroupingsTable`
--

LOCK TABLES `GroupingsTable` WRITE;
/*!40000 ALTER TABLE `GroupingsTable` DISABLE KEYS */;
INSERT INTO `GroupingsTable` VALUES (1,'weight'),(2,'brain'),(3,'images'),(4,'cardiovascular'),(5,'eye'),(6,'neuro');
/*!40000 ALTER TABLE `GroupingsTable` ENABLE KEYS */;
UNLOCK TABLES;

--
-- Table structure for table `Parameters`
--

DROP TABLE IF EXISTS `Parameters`;
/*!40101 SET @saved_cs_client     = @@character_set_client */;
/*!50503 SET character_set_client = utf8mb4 */;
CREATE TABLE `Parameters` (
  `parameter_id` varchar(18) NOT NULL,
  `parameter_name` varchar(74) DEFAULT NULL,
  `parameter_description` varchar(1000) DEFAULT NULL,
  `procedure_id` int DEFAULT NULL,
  `group_id` int DEFAULT NULL,
  PRIMARY KEY (`parameter_id`),
  KEY `procedure_id` (`procedure_id`),
  KEY `group_id` (`group_id`),
  CONSTRAINT `parameters_ibfk_1` FOREIGN KEY (`procedure_id`) REFERENCES `Procedures` (`procedure_id`),
  CONSTRAINT `parameters_ibfk_2` FOREIGN KEY (`group_id`) REFERENCES `GroupingsTable` (`group_id`)
) ENGINE=InnoDB DEFAULT CHARSET=utf8mb4 COLLATE=utf8mb4_0900_ai_ci COMMENT='Stores parameter metadata. References Procedures (many-to-one), links to GroupingsTable (many-to-one) and referenced by Analyses (one-to-many).';
/*!40101 SET character_set_client = @saved_cs_client */;

--
-- Dumping data for table `Parameters`
--

LOCK TABLES `Parameters` WRITE;
/*!40000 ALTER TABLE `Parameters` DISABLE KEYS */;
INSERT INTO `Parameters` VALUES ('IMPC_ABR_001_001','Body weight','body_weight',3,1),('IMPC_ABR_002_001','Click-evoked ABR threshold','click_evoked_abr_threshold',3,4),('IMPC_ABR_003_001','Click-evoked ABR waveforms (numerical format)','click_evoked_abr_waveforms_numerical_format_',3,3),('IMPC_ABR_004_001','6kHz-evoked ABR Threshold','6khz_evoked_abr_threshold',3,4),('IMPC_ABR_005_001','6kHz-evoked ABR waveforms (numerical format)','6khz_evoked_abr_waveforms_numerical_format_',3,3),('IMPC_ABR_006_001','12kHz-evoked ABR Threshold','12khz_evoked_abr_threshold',3,4),('IMPC_ABR_007_001','12kHz-evoked ABR waveforms (numerical format)','12khz_evoked_abr_waveforms_numerical_format_',3,3),('IMPC_ABR_008_001','18kHz-evoked ABR Threshold','18khz_evoked_abr_threshold',3,4),('IMPC_ABR_009_001','18kHz-evoked ABR waveforms (numerical format)','18khz_evoked_abr_waveforms_numerical_format_',3,3),('IMPC_ABR_010_001','24kHz-evoked ABR Threshold','24khz_evoked_abr_threshold',3,4),('IMPC_ABR_011_001','24kHz-evoked ABR waveforms (numerical format)','24khz_evoked_abr_waveforms_numerical_format_',3,3),('IMPC_ABR_012_001','30kHz-evoked ABR Threshold','30khz_evoked_abr_threshold',3,4),('IMPC_ABR_013_001','30kHz-evoked ABR waveforms (numerical format)','30khz_evoked_abr_waveforms_numerical_format_',3,3),('IMPC_ABR_014_001','Click-evoked + 6 to 30kHz tone waveforms (pdf format)','click_evoked_6_to_30khz_tone_waveforms_pdf_format_',3,3),('IMPC_ABR_015_001','Audiograms','audiograms',3,3),('IMPC_ABR_017_001','Click +20dB waveforms (numerical format)','click_20db_waveforms_numerical_format_',3,3),('IMPC_ABR_018_001','Click +50dB waveforms (numerical format)','click_50db_waveforms_numerical_format_',3,3),('IMPC_ABR_019_001','Click +20dB+50dB waveforms (pdf format)','click_20db_50db_waveforms_pdf_format_',3,3),('IMPC_ABR_036_001','Stimulus level step size','stimulus_level_step_size',3,1),('IMPC_ABR_039_001','Repetition Rate','repetition_rate',3,4),('IMPC_ABR_054_001','Date equipment last calibrated','date_equipment_last_calibrated',3,4),('IMPC_ACS_001_001','Response amplitude - BN','response_amplitude_bn',1,2),('IMPC_ACS_002_001','Response amplitude - PP1','response_amplitude_pp1',1,2),('IMPC_ACS_003_001','Response amplitude - PP2','response_amplitude_pp2',1,2),('IMPC_ACS_004_001','Response amplitude - PP3','response_amplitude_pp3',1,2),('IMPC_ACS_005_001','Response amplitude - PP4','response_amplitude_pp4',1,2),('IMPC_ACS_006_001','Response amplitude - S','response_amplitude_s',1,2),('IMPC_ACS_007_001','Response amplitude - PP1_S','response_amplitude_pp1_s',1,2),('IMPC_ACS_008_001','Response amplitude - PP2_S','response_amplitude_pp2_s',1,2),('IMPC_ACS_009_001','Response amplitude - PP3_S','response_amplitude_pp3_s',1,2),('IMPC_ACS_010_001','Response amplitude - PP4_S','response_amplitude_pp4_s',1,2),('IMPC_ACS_017_001','Pre-pulse stimulus 1','pre_pulse_stimulus_1',1,4),('IMPC_ACS_018_001','Pre-pulse stimulus 2','pre_pulse_stimulus_2',1,4),('IMPC_ACS_019_001','Pre-pulse stimulus 3','pre_pulse_stimulus_3',1,4),('IMPC_ACS_020_001','Pre-pulse stimulus 4','pre_pulse_stimulus_4',1,4),('IMPC_ACS_033_001','% Pre-pulse inhibition - PPI1','_pre_pulse_inhibition_pp1',1,4),('IMPC_ACS_034_001','% Pre-pulse inhibition - PPI2','_pre_pulse_inhibition_pp2',1,4),('IMPC_ACS_035_001','% Pre-pulse inhibition - PPI3','_pre_pulse_inhibition_pp3',1,4),('IMPC_ACS_036_001','% Pre-pulse inhibition - PPI4','_pre_pulse_inhibition_pp4',1,4),('IMPC_ACS_037_001','% Pre-pulse inhibition - Global','_pre_pulse_inhibition_global',1,4),('IMPC_ACS_038_001','Date equipment last calibrated','date_equipment_last_calibrated',1,4),('IMPC_ACS_040_001','Acoustic startle response measure','acoustic_startle_response_measure',1,2),('IMPC_ALZ_003_001','Brain','brain',2,2),('IMPC_ALZ_005_001','Heart','heart',2,4),('IMPC_ALZ_020_001','Spinal cord','spinal_cord',2,2),('IMPC_ALZ_022_001','Pituitary gland','pituitary',2,2),('IMPC_ALZ_023_001','Skeletal Muscle','skeletal_muscle',2,1),('IMPC_ALZ_025_001','White Adipose Tissue','white_adipose_tissue',2,1),('IMPC_ALZ_027_001','Aorta','aorta',2,4),('IMPC_ALZ_031_001','Brainstem','brainstem',2,2),('IMPC_ALZ_033_001','Cerebral Cortex','cerebral_cortex',2,2),('IMPC_ALZ_034_001','Cerebellum','cerebellum',2,2),('IMPC_ALZ_035_001','Hippocampus','hippocampus',2,2),('IMPC_ALZ_036_001','Hypothalamus','hypothalamus',2,2),('IMPC_ALZ_037_001','Olfactory Lobe','olfactory_lobe',2,2),('IMPC_ALZ_040_001','Striatum','straiatum',2,2),('IMPC_ALZ_041_001','Vascular System','vascular_system',2,4),('IMPC_ALZ_043_001','Bone','bone',2,1),('IMPC_ALZ_049_001','Gonadal fat pad','adipose_gonad',2,1),('IMPC_ALZ_050_001','Bone  Marrow','bone_marrow',2,1),('IMPC_ALZ_052_001','Brown adipose tissue','adipose_brown',2,1),('IMPC_ALZ_053_001','Mesenteric adipose tissue','adipose_mesenteric',2,1),('IMPC_ALZ_054_001','Blood','blood_smear',2,4),('IMPC_ALZ_055_001','Diaphragm','diaphragm',2,4),('IMPC_ALZ_064_001','Chest bone','ribcage',2,1),('IMPC_ALZ_065_001','Sciatic nerve','sciatic_nerve_quad',2,2),('IMPC_ALZ_070_001','Trigeminal V nerve','trigeminal_nerve',2,2),('IMPC_ALZ_075_001','LacZ Images Section','lacz_images_section',2,3),('IMPC_ALZ_076_001','LacZ Images Wholemount','lacz_images_wholemount',2,3),('IMPC_ALZ_080_001','Microscope equipment id','microscope_equipment_id',2,3),('IMPC_ALZ_081_001','Microscope equipment manufacturer','microscope_equipment_manufacturer',2,3),('IMPC_ALZ_082_001','Microscope equipment model','microscope_equipment_model',2,3),('IMPC_ALZ_083_001','Date Microscope last calibrated','date_microscope_last_calibrated',2,3),('IMPC_ALZ_093_001','Bit Depth','bit_depth',2,3),('IMPC_ALZ_097_001','Pixels per millimeter before processing','pixels_per_millimeter_before_processing',2,3),('IMPC_ALZ_098_001','Pixels per millimeter after processing','pixels_per_millimeter_after_processing',2,3),('IMPC_ALZ_099_001','Showcase image','showcase_image',2,3),('IMPC_ALZ_104_001','Midbrain','midbrain',2,2),('IMPC_ALZ_105_001','Thalamus','thalamus',2,2),('IMPC_BLK_010_001','Brain','brain',43,2),('IMPC_BLK_011_001','Eye 1 with optic nerve (optic nerve parallel to cassette surface)','eye_1_with_optic_nerve_optic_nerve_parallel_to_cassette_surface_',43,2),('IMPC_BLK_012_001','Eye 2 with optic nerve (within skull)','eye_2_with_optic_nerve_within_skull_',43,2),('IMPC_BLK_013_001','Spinal cord','spinal_cord',43,2),('IMPC_BLK_016_001','Heart','heart',43,4),('IMPC_BLK_034_001','Skeletal muscle','skeletal_muscle',43,1),('IMPC_BLK_046_001','Bone marrow','bone_marrow',43,1),('IMPC_BLK_047_001','Brown fat','brown_fat',43,1),('IMPC_BLK_050_001','Trigeminal V nerve','trigeminal_v_nerve',43,2),('IMPC_BLK_055_001','Sciatic nerve','sciatic_nerve',43,2),('IMPC_BLK_056_001','Bone','bone',43,1),('IMPC_BWT_001_001','Body weight','body_weight',5,1),('IMPC_BWT_006_001','Date equipment last calibrated','date_equipment_last_calibrated',5,4),('IMPC_BWT_008_001','Body weight curve','Derivation to collect all body weights measured (when available) and plot them correctly as time series.',5,1),('IMPC_CAL_001_001','Body weight before experiment','body_weight_before_experiment',32,1),('IMPC_CAL_002_001','Body weight after experiment','body_weight_after_experiment',32,1),('IMPC_CAL_005_001','Heat production (metabolic rate)','heat_production_metabolic_rate_',32,4),('IMPC_CAL_019_001','Date equipment last calibrated','date_equipment_last_calibrated',32,4),('IMPC_CAL_035_001','Lightbeam wavelength','lightbeam_wavelength',32,1),('IMPC_CAL_036_001','Scanning rate','scanning_rate',32,3),('IMPC_CBC_004_001','Urea (Blood Urea Nitrogen - BUN)','urea',7,4),('IMPC_CBC_024_001','UIBC (unsaturated iron binding capacity)','uibc_unsaturated_iron_binding_capacity_',7,4),('IMPC_CBC_026_001','Free fatty acids','free_fatty_acids',7,1),('IMPC_CBC_036_001','Anesthesia used for blood collection','anesthesia_used_for_blood_collection',7,4),('IMPC_CBC_037_001','Method of blood collection','method_of_blood_collection',7,4),('IMPC_CBC_039_001','Blood collection tubes','blood_collection_tubes',7,4),('IMPC_CBC_041_001','Storage temperature from blood collection till measurement','storage_temperature_from_blood_collection_till_measurement',7,4),('IMPC_CBC_045_001','ID of blood collection SOP','id_of_blood_collection_sop',7,4),('IMPC_CBC_046_001','Date and time of blood collection','date_and_time_of_blood_collection',7,4),('IMPC_CBC_049_001','Blood collection experimenter ID','blood_collection_experimenter_id',7,4),('IMPC_CBC_050_001','Date equipment last calibrated','date_equipment_last_calibrated',7,4),('IMPC_CBC_051_001','Blood analysis experimenter ID','blood_analysis_experimenter_id',7,4),('IMPC_CHL_001_001','Body weight','body_weight',6,1),('IMPC_CHL_003_001','Tidal volume (TVb)','tidal_volume_(tvb)',6,1),('IMPC_CHL_004_001','Minute volume (MVb)','minute_volume_(mvb)',6,1),('IMPC_CHL_013_001','Rejection index (Rinx)','rejection_index_(rinx)',6,4),('IMPC_CHL_022_001','Date equipment last calibrated','date_equipment_last_calibrated',6,4),('IMPC_CHL_029_001','Hypoxia challenge data present in submission','hypoxia_challenge_data_present_in_submission',6,1),('IMPC_CSD_002_001','Tail - length','tail_length',8,1),('IMPC_CSD_019_001','Forelimbs - size','forelimbs_size',8,1),('IMPC_CSD_022_001','Hindlimbs - size','hindlimbs_size',8,1),('IMPC_CSD_025_001','Head size','head_size',8,1),('IMPC_CSD_028_001','Snout size','snout_size',8,1),('IMPC_CSD_036_001','Startle response','startle_response',8,2),('IMPC_CSD_040_001','Forepaw - size','forepaw_size',8,1),('IMPC_CSD_040_002','Forepaw - size','forepaw_size',8,1),('IMPC_CSD_041_001','Hindpaw - size','hindpaw_size',8,1),('IMPC_CSD_041_002','Hindpaw - size','hindpaw_size',8,1),('IMPC_CSD_046_001','Forelimb digit - size','forelimb_digit_size',8,1),('IMPC_CSD_047_001','Hindlimb digit - size','hindlimb_digit_size',8,1),('IMPC_CSD_052_001','Forelimb nail - length','forelimb_nail_length',8,1),('IMPC_CSD_052_002','Forelimb nail - length','forelimb_nail_length',8,1),('IMPC_CSD_053_001','Hindlimb nail - length','hindlimb_nail_length',8,1),('IMPC_CSD_053_002','Hindlimb nail - length','hindlimb_nail_length',8,1),('IMPC_CSD_072_001','Genitalia - size','genitalia_size',8,1),('IMPC_CSD_085_001','Images','images',8,3),('IMPC_CSD_086_001','Size of squares in arena','size_of_squares_in_arena',8,1),('IMPC_DXA_001_001','Body weight','body_weight',4,1),('IMPC_DXA_002_001','Fat mass','fat_mass',4,1),('IMPC_DXA_003_001','Lean mass','lean_mass',4,1),('IMPC_DXA_004_001','Bone Mineral Density (excluding skull)','bone_mineral_density_excluding_skull_',4,1),('IMPC_DXA_005_001','Bone Mineral Content (excluding skull)','bone_mineral_content_excluding_skull_',4,1),('IMPC_DXA_006_001','Body length','body_length',4,1),('IMPC_DXA_007_001','BMC/Body weight','bmc_body_weight',4,1),('IMPC_DXA_008_001','Lean/Body weight','lean_body_weight',4,1),('IMPC_DXA_009_001','Fat/Body weight','fat_body_weight',4,1),('IMPC_DXA_010_001','Bone Area','bone_area_bmc_bmd_',4,1),('IMPC_DXA_017_001','Date equipment last calibrated','date_equipment_last_calibrated',4,4),('IMPC_ECG_002_001','HR','hr',10,4),('IMPC_ECG_009_001','QTc','qtc',10,4),('IMPC_ECG_009_002','QTc','qtc',10,4),('IMPC_ECG_010_001','HRV','hrv',10,4),('IMPC_ECG_011_001','QTc Dispersion','qtc_dispersion',10,4),('IMPC_ECG_023_001','Date equipment last calibrated','date_equipment_last_calibrated',10,4),('IMPC_ECG_025_001','Waveform Image','waveform_image',10,3),('IMPC_ECG_026_001','Waveform Image Comment','Free text comment on the waveform image. Use parameterAssociation of the image parameter to link to this text.',10,3),('IMPC_ECG_028_001','QT','qt',10,4),('IMPC_ECG_029_001','QT Dispersion','qt_dispersion',10,4),('IMPC_ECG_030_001','Data acquisition sampling rate','data_acquisition_sampling_rate',10,4),('IMPC_ECG_031_001','Abnormal ECG detected','abnormal_ecg_detected',10,4),('IMPC_ECH_001_001','End-Systolic Diameter','end-systolic_diameter',9,4),('IMPC_ECH_002_001','End-Diastolic Diameter','end-diastolic_diameter',9,4),('IMPC_ECH_003_001','Stroke Volume','stroke_volume',9,1),('IMPC_ECH_004_001','Ejection Fraction','ejection_fraction',9,4),('IMPC_ECH_006_001','Cardiac Output','cardiac_output',9,4),('IMPC_ECH_013_001','HR','hr',9,4),('IMPC_ECH_015_001','VTI of aortic flow (Pulse wave doppler mode)','vti_of_aortic_flow_(pulse_wave_doppler_mode)',9,4),('IMPC_ECH_016_001','Aortic diameter (Dao)','aortic_diameter_(dao)',9,4),('IMPC_ECH_018_001','Respiration Rate','respiration_rate',9,4),('IMPC_ECH_024_001','Date equipment last calibrated','date_equipment_last_calibrated',9,4),('IMPC_ECH_025_001','M-Mode Images','m-mode_images',9,3),('IMPC_ELZ_030_001','Metanephros','metanephros',11,4),('IMPC_ELZ_031_001','Mesonephros of male','mesonephros_of_male',11,4),('IMPC_ELZ_032_001','Mesonephros of female','mesonephros_of_female',11,4),('IMPC_ELZ_035_001','Umbilical artery embryonic part','umbilical_artery_embryonic_part',11,4),('IMPC_ELZ_036_001','Heart','heart',11,4),('IMPC_ELZ_040_001','Heart ventricle','heart_ventricle',11,2),('IMPC_ELZ_041_001','Umbilical vein embryonic part','umbilical_vein_embryonic_part',11,4),('IMPC_ELZ_042_001','Brain','brain',11,2),('IMPC_ELZ_043_001','Forebrain','forebrain',11,2),('IMPC_ELZ_044_001','Midbrain','midbrain',11,2),('IMPC_ELZ_045_001','Central nervous system ganglion','central_nervous_system_ganglion',11,2),('IMPC_ELZ_046_001','Spinal cord','spinal_cord',11,2),('IMPC_ELZ_047_001','Dorsal root ganglion','dorsal_root_ganglion',11,2),('IMPC_ELZ_063_001','LacZ images section','lacz_images_section',11,3),('IMPC_ELZ_064_001','LacZ images wholemount','lacz_images_wholemount',11,3),('IMPC_ELZ_068_001','Microscope equipment id','microscope_equipment_id',11,3),('IMPC_ELZ_069_001','Microscope equipment manufacturer','microscope_equipment_manufacturer',11,3),('IMPC_ELZ_070_001','Microscope equipment model','microscope_equipment_model',11,3),('IMPC_ELZ_071_001','Date Microscope last calibrated','date_microscope_last_calibrated',11,3),('IMPC_ELZ_081_001','Bit depth','bit_depth',11,3),('IMPC_ELZ_085_001','Pixels per millimeter before processing','pixels_per_millimeter_before_processing',11,3),('IMPC_ELZ_086_001','Pixels per millimeter after processing','pixels_per_millimeter_after_processing',11,3),('IMPC_ELZ_087_001','Showcase image','showcase_image',11,3),('IMPC_ELZ_091_001','Date of image capture','date_of_image_capture',11,3),('IMPC_ELZ_092_001','Hindbrain','hindbrain',11,2),('IMPC_EMA_007_001','Image Pixel Size','image_pixel_size',38,1),('IMPC_EMA_009_001','Date equipment last calibrated','date_equipment_last_calibrated',38,4),('IMPC_EMA_012_001','Date of Scan','date_of_scan',38,3),('IMPC_EMA_017_001','Screenshots','screenshots',38,3),('IMPC_EMA_024_001','Embryo size','embryo_size',38,1),('IMPC_EMA_025_001','Spinal Cord','spinal_cord',38,2),('IMPC_EMA_028_001','Hindbrain subarachnoid space','hindbrain_subarachnoid_space',38,2),('IMPC_EMA_029_001','Midbrain roof plate','midbrain_roof_plate',38,2),('IMPC_EMA_030_001','Midbrain','midbrain',38,2),('IMPC_EMA_031_001','Cerebellum','cerebellum',38,2),('IMPC_EMA_032_001','Cerebral cortex','cerebral_cortex',38,2),('IMPC_EMA_033_001','Thalamus','thalamus',38,2),('IMPC_EMA_034_001','Corpus striatum','corpus_striatum',38,2),('IMPC_EMA_035_001','Hippocampus','hippocampus',38,2),('IMPC_EMA_036_001','Hypothalamus','hypothalamus',38,2),('IMPC_EMA_038_001','Pons','pons',38,2),('IMPC_EMA_039_001','Medulla oblongata','medulla_oblongata',38,2),('IMPC_EMA_040_001','Lateral ventricles','lateral_ventricles',38,2),('IMPC_EMA_041_001','Lateral ventricle choroid plexus','lateral_ventricle_choroid_plexus',38,2),('IMPC_EMA_042_001','4th ventricle choroid plexus','4th_ventricle_choroid_plexus',38,2),('IMPC_EMA_043_001','4th Ventricle','4th_ventricle',38,2),('IMPC_EMA_044_001','Cerebral aqueduct','cerebral_aqueduct',38,2),('IMPC_EMA_046_001','3rd ventricle','3rd_ventricle',38,2),('IMPC_EMA_047_001','Olfactory lobe','olfactory_lobe',38,2),('IMPC_EMA_048_001','Trigeminal ganglion','trigeminal_ganglion',38,2),('IMPC_EMA_049_001','Pituitary gland','pituitary_gland',38,2),('IMPC_EMA_050_001','Spinal cord cervical region','spinal_cord_cervical_region',38,2),('IMPC_EMA_051_001','Dorsal root ganglion','dorsal_root_ganglion',38,2),('IMPC_EMA_059_001','Optic nerve','optic_nerve',38,2),('IMPC_EMA_065_001','Temporal bone','temporal_bone',38,1),('IMPC_EMA_073_001','Sphenoid bone','sphenoid_bone',38,1),('IMPC_EMA_076_001','Brown fat','brown_fat',38,1),('IMPC_EMA_086_001','Carotid artery','carotid_artery',38,4),('IMPC_EMA_094_001','Jugular vein','jugular_vein',38,4),('IMPC_EMA_095_001','Ductus arteriosus','ductus_arteriosus',38,4),('IMPC_EMA_096_001','Pulmonary valve','pulmonary_valve',38,4),('IMPC_EMA_098_001','Dorsal aorta','dorsal_aorta',38,4),('IMPC_EMA_100_001','Aorta','aorta',38,4),('IMPC_EMA_101_001','Aortic valve','aortic_valve',38,4),('IMPC_EMA_102_001','Heart atrium','heart_atrium',38,4),('IMPC_EMA_103_001','Heart ventricle','heart_ventricle',38,2),('IMPC_EMA_104_001','Tricuspid valve','tricuspid_valve',38,4),('IMPC_EMA_105_001','Mitral valve','mitral_valve',38,4),('IMPC_EMA_111_001','Right lung cranial lobe','right_lung_cranial_lobe',38,2),('IMPC_EMA_112_001','Right lung middle lobe','right_lung_middle_lobe',38,2),('IMPC_EMA_113_001','Right lung caudal lobe','right_lung_caudal_lobe',38,2),('IMPC_EMA_114_001','Right lung accessory lobe','right_lung_accessory_lobe',38,2),('IMPC_EMA_116_001','Diaphragm','diaphragm',38,4),('IMPC_EMA_119_001','Liver left lobe','liver_left_lobe',38,2),('IMPC_EMA_120_001','Liver right lobe','liver_right_lobe',38,2),('IMPC_EMA_121_001','Liver caudate lobe','liver_caudate_lobe',38,2),('IMPC_EML_007_001','Image Pixel Size','image_pixel_size',39,1),('IMPC_EML_011_001','Date equipment last calibrated','date_equipment_last_calibrated',39,4),('IMPC_EML_014_001','Date of Scan','date_of_scan',39,3),('IMPC_EML_017_001','Screenshots','screenshots',39,3),('IMPC_EML_018_001','Hindbrain','hindbrain',39,2),('IMPC_EML_019_001','4th ventricle','4th_ventricle',39,2),('IMPC_EML_020_001','Mesencephalic vesicle','mesencephalic_vesicle',39,2),('IMPC_EML_021_001','Forebrain','forebrain',39,2),('IMPC_EML_022_001','Telecenphalic (lateral) ventricle','telecenphalic_(lateral)_ventricle',39,2),('IMPC_EML_025_001','Infundibular recess of 3rd ventricle','infundibular_recess_of_3rd_ventricle',39,2),('IMPC_EML_030_001','1st arch artery','1st_arch_artery',39,4),('IMPC_EML_032_001','2nd arch artery','2nd_arch_artery',39,4),('IMPC_EML_035_001','3rd arch artery','3rd_arch_artery',39,4),('IMPC_EML_036_001','Aortic sac','aortic_sac',39,4),('IMPC_EML_039_001','Heart ventricle','heart_ventricle',39,2),('IMPC_EML_040_001','Primitive heart tube cardiac muscle','primitive_heart_tube_cardiac_muscle',39,4),('IMPC_EML_041_001','Dorsal aorta','dorsal_aorta',39,4),('IMPC_EML_045_001','Neural tube','neural_tube',39,2),('IMPC_EML_050_001','Vitelline artery','vitelline_artery',39,4),('IMPC_EML_051_001','Umbilical vein','umbilical_vein',39,4),('IMPC_EMO_007_001','Image Pixel Size','image_pixel_size',36,1),('IMPC_EMO_011_001','Date equipment last calibrated','date_equipment_last_calibrated',36,4),('IMPC_EMO_014_001','Date of Scan','date_of_scan',36,3),('IMPC_EMO_017_001','Screenshots','screenshots',36,3),('IMPC_EMO_017_002','Screenshots','screenshots',36,3),('IMPC_EMO_018_001','3rd ventricle','3rd_ventricle',36,2),('IMPC_EMO_020_001','4th ventricle','4th_ventricle',36,2),('IMPC_EMO_022_001','Aorta','aorta',36,4),('IMPC_EMO_023_001','Arch of aorta','arch_of_aorta',36,4),('IMPC_EMO_024_001','Heart atrium','heart_atrium',36,4),('IMPC_EMO_025_001','basioccipital bone','basioccipital_bone',36,1),('IMPC_EMO_028_001','Brown fat','brown_fat',36,1),('IMPC_EMO_030_001','Carotid artery','carotid_artery',36,4),('IMPC_EMO_032_001','Cerebellum','cerebellum',36,2),('IMPC_EMO_033_001','4th ventricle choroid plexus','4th_ventricle_choroid_plexus',36,2),('IMPC_EMO_034_001','lateral ventricle choroid plexus','lateral_ventricle_choroid_plexus',36,2),('IMPC_EMO_037_001','Cerebral cortex','cerebral_cortex',36,2),('IMPC_EMO_038_001','Ductus arteriosus','ductus_arteriosus',36,4),('IMPC_EMO_039_001','Diaphragm','diaphragm',36,4),('IMPC_EMO_040_001','Diencephalon','diencephalon',36,2),('IMPC_EMO_042_001','Dorsal aorta','dorsal_aorta',36,4),('IMPC_EMO_045_001','Spinal cord cervical region','spinal_cord_cervical_region',36,2),('IMPC_EMO_049_001','Exoccipital bone','exoccipital_bone',36,1),('IMPC_EMO_061_001','Hindbrain','hindbrain',36,2),('IMPC_EMO_064_001','Hippocampus','hippocampus',36,2),('IMPC_EMO_067_001','Hyoid bone','hyoid_bone',36,1),('IMPC_EMO_068_001','Hypothalamus','hypothalamus',36,2),('IMPC_EMO_070_001','Pituitary gland','pituitary_gland',36,2),('IMPC_EMO_072_001','Innominate artery','innominate_artery',36,4),('IMPC_EMO_080_001','Renal cortex','renal_cortex',36,2),('IMPC_EMO_081_001','Renal medulla','renal_medulla',36,2),('IMPC_EMO_083_001','Lateral ventricle','lateral_ventricle',36,2),('IMPC_EMO_087_001','Liver lobe','liver_lobe',36,2),('IMPC_EMO_088_001','Liver caudate lobe','liver_caudate_lobe',36,2),('IMPC_EMO_090_001','Liver left lobe','liver_left_lobe',36,2),('IMPC_EMO_091_001','Liver right lobe','liver_right_lobe',36,2),('IMPC_EMO_093_001','Right lung cranial lobe','right_lung_cranial_lobe',36,2),('IMPC_EMO_094_001','Right lung accessory lobe','right_lung_accessory_lobe',36,2),('IMPC_EMO_095_001','Right lung caudal lobe','right_lung_caudal_lobe',36,2),('IMPC_EMO_097_001','Right lung middle lobe','right_lung_middle_lobe',36,2),('IMPC_EMO_099_001','Masseter','masseter',36,1),('IMPC_EMO_101_001','Medulla oblongata','medulla_oblongata',36,2),('IMPC_EMO_102_001','Midbrain','midbrain',36,2),('IMPC_EMO_103_001','Midbrain roof plate','midbrain_roof_plate',36,2),('IMPC_EMO_104_001','Mitral valve','mitral_valve',36,4),('IMPC_EMO_109_001','Neural retina','neural_retina',36,2),('IMPC_EMO_111_001','Olfactory lobe','olfactory_lobe',36,2),('IMPC_EMO_112_001','Optic nerve','optic_nerve',36,2),('IMPC_EMO_125_001','Pons','pons',36,2),('IMPC_EMO_126_001','Portal vein','portal_vein',36,4),('IMPC_EMO_128_001','Pulmonary artery','pulmonary_artery',36,4),('IMPC_EMO_138_001','Sphenoid bone','sphenoid_bone',36,1),('IMPC_EMO_139_001','Spinal cord','spinal_cord',36,2),('IMPC_EMO_140_001','Spinal cord central canal','spinal_cord_central_canal',36,2),('IMPC_EMO_148_001','Subclavian artery','subclavian_artery',36,4),('IMPC_EMO_152_001','Temporal bone','temporal_bone',36,1),('IMPC_EMO_154_001','Thalamus','thalamus',36,2),('IMPC_EMO_155_001','Descending aorta','descending_thoracic_aorta',36,4),('IMPC_EMO_161_001','Tricuspid valve','tricuspid_valve',36,4),('IMPC_EMO_162_001','Trigeminal V ganglion','trigeminal_v_ganglion',36,2),('IMPC_EMO_166_001','Urethra','urethra',36,4),('IMPC_EMO_169_001','Heart ventricle','heart_ventricle',36,2),('IMPC_EMO_175_001','Size','size',36,1),('IMPC_EOL_006_001','Image Pixel Size','image_pixel_size',40,1),('IMPC_EOL_008_001','Date equipment last calibrated','date_equipment_last_calibrated',40,4),('IMPC_EOL_011_001','Date of Scan','date_of_scan',40,3),('IMPC_EOL_012_001','Screenshots','screenshots',40,3),('IMPC_EOL_013_001','Hindbrain','hindbrain',40,2),('IMPC_EOL_014_001','4th ventricle','4th_ventricle',40,2),('IMPC_EOL_015_001','Mesencephalic vesicle','mesencephalic_vesicle',40,2),('IMPC_EOL_016_001','Forebrain','forebrain',40,2),('IMPC_EOL_017_001','Telecenphalic (lateral) ventricle','telecenphalic_(lateral)_ventricle',40,2),('IMPC_EOL_020_001','Infundibular recess of 3rd ventricle','infundibular_recess_of_3rd_ventricle',40,2),('IMPC_EOL_025_001','1st arch artery','1st_arch_artery',40,4),('IMPC_EOL_027_001','2nd arch artery','2nd_arch_artery',40,4),('IMPC_EOL_030_001','3rd arch artery','3rd_arch_artery',40,4),('IMPC_EOL_031_001','Aortic sac','aortic_sac',40,4),('IMPC_EOL_034_001','Heart ventricle','heart_ventricle',40,2),('IMPC_EOL_035_001','Primitive heart tube cardiac muscle','primitive_heart_tube_cardiac_muscle',40,4),('IMPC_EOL_036_001','Dorsal aorta','dorsal_aorta',40,4),('IMPC_EOL_040_001','Neural tube','neural_tube',40,2),('IMPC_EOL_045_001','Vitelline artery','vitelline_artery',40,4),('IMPC_EOL_046_001','Umbilical vein','umbilical_vein',40,4),('IMPC_EVL_021_001','Average Litter Size','average_litter_size',47,1),('IMPC_EVM_019_001','Average Litter Size','average_litter_size',44,1),('IMPC_EVO_017_001','Average Litter Size','average_litter_size',45,1),('IMPC_EVP_016_001','Average Litter Size','average_litter_size',46,1),('IMPC_EXD_001_001','Submitter ID','submitter_id',12,1),('IMPC_EXD_014_001','Core stock strategy','core_stock_strategy',12,4),('IMPC_EXD_015_001','Knockout batch strategy','Knockout batch strategy',12,4),('IMPC_EXD_016_001','Blinding  - Body Weight','blinding_body_weight',12,1),('IMPC_EXD_025_001','Blinding  - X-ray imaging','blinding_x_ray_imaging',12,3),('IMPC_EXD_036_001','Blinding  - Heart weight','blinding_heart_weight',12,1),('IMPC_EXD_040_001','Blinding - ECG','blinding_ecg',12,4),('IMPC_EXD_047_001','Instrumentation effects - Body weight','instrumentation_effects_body_weight',12,1),('IMPC_EXD_048_001','Instrumentation effects - Heart weight','instrumentation_effects_heart_weight',12,1),('IMPC_EXD_061_001','Instrumentation effects - ECG','instrumentation_effects_ecg',12,4),('IMPC_EXD_069_001','Operator effects - Body weight','operator_effects_body_weight',12,1),('IMPC_EXD_079_001','Operator effects - X-ray imaging','operator_effects_x_ray_imaging',12,3),('IMPC_EXD_087_001','Operator effects - Heart weight','operator_effects_heart_weight',12,1),('IMPC_EXD_090_001','Operator effects - ECG','operator_effects_ecg',12,4),('IMPC_EXD_098_002','Time effect strategy','time_effects',12,4),('IMPC_EXD_099_001','Order effects - Body weight','order_effects_body_weight',12,1),('IMPC_EXD_108_001','Order effects - X-ray imaging','order_effects_x_ray_imaging',12,3),('IMPC_EXD_115_001','Order effects - Heart weight','order_effects_heart_weight',12,1),('IMPC_EXD_119_001','Order effects - ECG','order_effects_ecg',12,4),('IMPC_EXD_127_001','Blinding strategy','blinding_strategy',12,4),('IMPC_EXD_129_001','Operator effect control strategy','operator_effect_control_strategy',12,4),('IMPC_EXD_130_001','Order effect control strategy','order_effect_control_strategy',12,4),('IMPC_EXD_131_001','Subject selection strategy','subject_selection_strategy',12,4),('IMPC_EXD_133_001','Submission Identifier','submission_identifier',12,1),('IMPC_EYE_003_001','Eye Hemorrhage or Blood Presence','eye_hemorrhage_or_blood_presence',13,4),('IMPC_EYE_009_001','Corneal vascularization','corneal_vascularization',13,4),('IMPC_EYE_014_001','Pupil Light Response','pupil_light_response',13,2),('IMPC_EYE_024_001','Retinal Blood Vessels','retinal_blood_vessels',13,4),('IMPC_EYE_025_001','Retinal Blood Vessels Structure','retinal_blood_vessels_structure',13,4),('IMPC_EYE_026_001','Retinal Blood Vessels Pattern','retinal_blood_vessels_pattern',13,4),('IMPC_EYE_027_001','Persistence of hyaloid vascular system','persistence_of_hyaloid_vascular_system',13,4),('IMPC_EYE_046_001','Date Slit Lamp equipment last calibrated','date_slit_lamp_equipment_last_calibrated',13,4),('IMPC_EYE_047_001','Date Ophthalmoscope equipment last calibrated','date_ophthalmoscope_equipment_last_calibrated',13,4),('IMPC_EYE_048_001','Date Scheimpflug equipment last calibrated','date_scheimpflug_equipment_last_calibrated',13,4),('IMPC_EYE_049_001','Date OCT equipment last calibrated','date_oct_equipment_last_calibrated',13,4),('IMPC_EYE_050_001','Images Ophthalmoscopy','images_ophthalmoscopy',13,3),('IMPC_EYE_051_001','Images Slit Lamp','images_slit_lamp',13,3),('IMPC_EYE_054_001','Min left eye lens density','min_left_eye_lens_density',13,1),('IMPC_EYE_055_001','Max left eye lens density','max_left_eye_lens_density',13,1),('IMPC_EYE_056_001','Mean left eye lens density','mean_left_eye_lens_density',13,1),('IMPC_EYE_057_001','Min right eye lens density','min_right_eye_lens_density',13,1),('IMPC_EYE_058_001','Max right eye lens density','max_right_eye_lens_density',13,1),('IMPC_EYE_059_001','Mean right eye lens density','mean_right_eye_lens_density',13,1),('IMPC_EYE_072_001','B-scan of right retina','b-scan_of_right_retina',13,3),('IMPC_EYE_073_001','B-scan of left retina','b-scan_of_left_retina',13,3),('IMPC_EYE_076_001','B-scan of right cornea and lens','b-scan_of_right_cornea_and_lens',13,3),('IMPC_EYE_077_001','B-scan of left cornea and lens','b-scan_of_left_cornea_and_lens',13,3),('IMPC_FEA_033_001','Conditioning: Length of time baseline','conditioning_length_of_time_baseline',14,1),('IMPC_FEA_036_001','Conditioning: Length of time tone stimulus','conditioning_length_of_time_tone_stimulus',14,1),('IMPC_FEA_038_001','Conditioning: Length of time shock stimulus','conditioning_length_of_time_shock_stimulus',14,1),('IMPC_FEA_039_001','Conditioning: Length of time no stimulus','conditioning_length_of_time_no_stimulus',14,1),('IMPC_FEA_057_001','Cue: Length of time baseline','cue_length_of_time_baseline',14,1),('IMPC_FEA_060_001','Cue: tone response measurement time','cue:_tone_response_measurement_time',14,2),('IMPC_FEA_061_001','Cue: Length of time no stimulus','cue_length_of_time_no_stimulus',14,1),('IMPC_FEA_075_001','Date equipment last calibrated (shock)','date_equipment_last_calibrated_shock',14,4),('IMPC_FEA_076_001','Date equipment last calibrated (tone)','date_equipment_last_calibrated_tone',14,4),('IMPC_FEA_108_001','Cue: Length of time tone stimulus','cue:_length_of_time_tone_stimulus',14,1),('IMPC_FOR_013_001','Size of testing arena','size_of_testing_arena',16,1),('IMPC_GEL_003_001','Cardiovascular System','cardiovascular_system',21,4),('IMPC_GEL_004_001','Cardiovascular Development','cardiovascular_development',21,4),('IMPC_GEL_005_001','Vascular Development','vascular_development',21,4),('IMPC_GEL_007_001','Failure heart looping','failure_heart_looping',21,4),('IMPC_GEL_007_002','Failure heart looping','failure_heart_looping',21,4),('IMPC_GEL_008_001','Absent heartbeat','absent_heartbeat',21,4),('IMPC_GEL_008_002','Absent heartbeat','absent_heartbeat',21,4),('IMPC_GEL_016_001','Vitelline vein morphology','vitelline_vein_morphology',21,4),('IMPC_GEL_022_001','Direction of heart looping','direction_of_heart_looping',21,4),('IMPC_GEL_025_001','Neural fold mophology','neural_fold_mophology',21,2),('IMPC_GEL_026_001','Neural tube morphology/development','neural_tube_morphology_development',21,2),('IMPC_GEL_027_001','Neural tube closure','neural_tube_closure',21,2),('IMPC_GEL_028_001','Forebrain','forebrain',21,2),('IMPC_GEL_029_001','Midbrain','midbrain',21,2),('IMPC_GEL_030_001','Hindbrain','hindbrain',21,2),('IMPC_GEL_031_001','Spinal cord','spinal_cord',21,2),('IMPC_GEL_032_001','Embryo Size','embryo_size',21,1),('IMPC_GEL_043_001','Comment on image','comment_on_image',21,3),('IMPC_GEL_044_001','Images','images',21,3),('IMPC_GEL_054_001','Date equipment last calibrated','date_equipment_last_calibrated',21,4),('IMPC_GEL_057_001','Heart looping','heart_looping',21,4),('IMPC_GEL_058_001','Heart morphology','heart_morphology',21,4),('IMPC_GEL_060_001','Neural tube morphology','neural_tube_morphology',21,2),('IMPC_GEL_066_001','Vascular morphology','vascular_morphology',21,4),('IMPC_GEM_003_001','Cardiovascular System','cardiovascular_system',18,4),('IMPC_GEM_004_001','Cardiovascular Development','cardiovascular_development',18,4),('IMPC_GEM_005_001','Vascular Development','vascular_development',18,4),('IMPC_GEM_008_001','Absent heartbeat','absent_heartbeat',18,4),('IMPC_GEM_008_002','Absent Heartbeat','absent_heartbeat',18,4),('IMPC_GEM_015_001','Vitelline vein morphology','vitelline_vein_morphology',18,4),('IMPC_GEM_019_001','Embryo Size','embryo_size',18,1),('IMPC_GEM_032_001','Liver Size','liver_size',18,1),('IMPC_GEM_036_001','Neural Tube Closure','neural_tube_closure',18,2),('IMPC_GEM_037_001','Forebrain development','forebrain_development',18,2),('IMPC_GEM_038_001','Midbrain development','midbrain_development',18,2),('IMPC_GEM_039_001','Hindbrain development','hindbrain_development',18,2),('IMPC_GEM_042_001','Eye Size','eye_size',18,1),('IMPC_GEM_045_001','Failure heart looping','failure_heart_looping',18,4),('IMPC_GEM_048_001','Comment on image','comment_on_image',18,3),('IMPC_GEM_049_001','Images','images',18,3),('IMPC_GEM_059_001','Date equipment last calibrated','date_equipment_last_calibrated',18,4),('IMPC_GEM_065_001','Heart looping','heart_looping',18,4),('IMPC_GEM_066_001','Heart morphology','heart_morphology',18,4),('IMPC_GEM_068_001','Forebrain morphology','forebrain_morphology',18,2),('IMPC_GEM_069_001','Hindbrain morphology','hindbrain_morphology',18,2),('IMPC_GEM_070_001','Midbrain morphology','midbrain_morphology',18,2),('IMPC_GEM_073_001','Vascular morphology','vascular_morphology',18,4),('IMPC_GEM_079_001','Exencephaly','exencephaly',18,2),('IMPC_GEO_003_001','Cardiovascular System','cardiovascular_system',19,4),('IMPC_GEO_004_001','Cardiovascular Development','cardiovascular_development',19,4),('IMPC_GEO_005_001','Heart Development','heart_development',19,4),('IMPC_GEO_007_001','Absent heartbeat','absent_heartbeat',19,4),('IMPC_GEO_007_002','Absent heartbeat','absent_heartbeat',19,4),('IMPC_GEO_008_001','Heart Morphology','heart_morphology',19,4),('IMPC_GEO_011_001','Blood Vessel Morphology','blood_vessel_morphology',19,4),('IMPC_GEO_012_001','Developmental Vascular Remodelling','developmental_vascular_remodelling',19,4),('IMPC_GEO_016_001','Head size','head_size',19,1),('IMPC_GEO_019_001','Embryo Size','embryo_size',19,1),('IMPC_GEO_037_001','Liver Size','liver_size',19,1),('IMPC_GEO_040_001','Brain Development','brain_development',19,2),('IMPC_GEO_041_001','Exencephaly','exencephaly',19,2),('IMPC_GEO_041_002','Exencephaly','exencephaly',19,2),('IMPC_GEO_042_001','Holoprosencephaly','holoprosencephaly',19,2),('IMPC_GEO_042_002','Holoprosencephaly','holoprosencephaly',19,2),('IMPC_GEO_046_001','Eye Size','eye_size',19,1),('IMPC_GEO_049_001','Comment on image','comment_on_image',19,3),('IMPC_GEO_050_001','Images','images',19,3),('IMPC_GEO_060_001','Date equipment last calibrated','date_equipment_last_calibrated',19,4),('IMPC_GEP_005_001','Unresponsive to tactile stimuli','unresponsive_to_tactile_stimuli',20,2),('IMPC_GEP_005_002','Responsive to tactile stimuli','unresponsive_to_tactile_stimuli',20,2),('IMPC_GEP_006_001','Cardiovascular System','cardiovascular_system',20,4),('IMPC_GEP_007_001','Cardiovascular Development','cardiovascular_development',20,4),('IMPC_GEP_008_001','Heart Development','heart_development',20,4),('IMPC_GEP_010_001','Heart Morphology','heart_morphology',20,4),('IMPC_GEP_013_001','Blood Vessel Morphology','blood_vessel_morphology',20,4),('IMPC_GEP_016_001','Head size','head_size',20,1),('IMPC_GEP_022_001','Embryo Size','embryo_size',20,1),('IMPC_GEP_023_001','Embryo weight','embryo_weight',20,1),('IMPC_GEP_042_001','Liver Size','liver_size',20,1),('IMPC_GEP_044_001','Diaphragm Morphology','diaphragm_morphology',20,4),('IMPC_GEP_046_001','Brain Development','brain_development',20,2),('IMPC_GEP_047_001','Exencephaly','exencephaly',20,2),('IMPC_GEP_047_002','Exencephaly','exencephaly',20,2),('IMPC_GEP_048_001','Holoprosencephaly','holoprosencephaly',20,2),('IMPC_GEP_048_002','Holoprosencephaly','holoprosencephaly',20,2),('IMPC_GEP_058_001','Eye Size','eye_size',20,1),('IMPC_GEP_063_001','Comment on image','comment_on_image',20,3),('IMPC_GEP_064_001','Images','images',20,3),('IMPC_GEP_074_001','Date equipment last calibrated','date_equipment_last_calibrated',20,4),('IMPC_GPL_004_001','Placenta Size','placenta_size',25,1),('IMPC_GPL_006_001','Comment on image','comment_on_image',25,3),('IMPC_GPL_007_001','Images','images',25,3),('IMPC_GPL_017_001','Date equipment last calibrated','date_equipment_last_calibrated',25,4),('IMPC_GPM_004_001','Placenta Size','placenta_size',22,1),('IMPC_GPM_006_001','Comment on image','comment_on_image',22,3),('IMPC_GPM_007_001','Images','images',22,3),('IMPC_GPM_017_001','Date equipment last calibrated','date_equipment_last_calibrated',22,4),('IMPC_GPO_004_001','Placenta Size','placenta_size',23,1),('IMPC_GPO_006_001','Comment on image','comment_on_image',23,3),('IMPC_GPO_007_001','Images','images',23,3),('IMPC_GPO_017_001','Date equipment last calibrated','date_equipment_last_calibrated',23,4),('IMPC_GPP_004_001','Placenta Size','placenta_size',24,1),('IMPC_GPP_006_001','Comment on image','comment_on_image',24,3),('IMPC_GPP_007_001','Images','images',24,3),('IMPC_GPP_017_001','Date equipment last calibrated','date_equipment_last_calibrated',24,4),('IMPC_GRS_003_001','Body weight','body_weight',17,1),('IMPC_GRS_010_001','Forelimb grip strength normalised against body weight','forelimb_grip_strength_normalised_against_body_weight',17,1),('IMPC_GRS_011_001','Forelimb and hindlimb grip strength normalised against body weight','forelimb_and_hindlimb_grip_strength_normalised_against_body_weight',17,1),('IMPC_GRS_014_001','Date equipment last calibrated','date_equipment_last_calibrated',17,4),('IMPC_HEM_001_001','White blood cell count','white_blood_cell_count',28,4),('IMPC_HEM_002_001','Red blood cell count','red_blood_cell_count',28,4),('IMPC_HEM_005_001','Mean cell volume','mean_cell_volume',28,1),('IMPC_HEM_012_001','Anesthesia used for blood collection','anesthesia_used_for_blood_collection',28,4),('IMPC_HEM_013_001','Method of blood collection','method_of_blood_collection',28,4),('IMPC_HEM_015_001','Blood collection tubes','blood_collection_tubes',28,4),('IMPC_HEM_017_001','Blood analysis experimenter ID','blood_analysis_experimenter_id',28,4),('IMPC_HEM_019_001','Mean platelet volume','mean_platelet_volume',28,1),('IMPC_HEM_020_001','ID for blood collection SOP','id_for_blood_collection_sop',28,4),('IMPC_HEM_021_001','Date and time of blood collection','date_and_time_of_blood_collection',28,4),('IMPC_HEM_024_001','Blood collection experimenter ID','blood_collection_experimenter_id',28,4),('IMPC_HEM_025_001','Date equipment last calibrated','date_equipment_last_calibrated',28,4),('IMPC_HEM_026_001','Storage temperature from blood collection until measurement','storage_temperature_from_blood_collection_until_measurement',28,4),('IMPC_HEM_027_001','Red blood cell distribution width','red_blood_cell_distribution_width',28,4),('IMPC_HIS_001_001','Brain - MPATH diagnostic term','brain_-_mpath_diagnostic_term',29,2),('IMPC_HIS_001_002','Brain - MPATH pathological entity term','brain_-_mpath_pathological_entity_term',29,2),('IMPC_HIS_002_001','Brain - Free text diagnostic term','brain_-_free_text_diagnostic_term',29,2),('IMPC_HIS_003_001','Brain - MPATH process term','brain_-_mpath_process_term',29,2),('IMPC_HIS_003_002','Brain - MPATH pathological process term','brain_-_mpath_pathological_process_term',29,2),('IMPC_HIS_004_001','Brain - Severity score','brain_-_severity_score',29,2),('IMPC_HIS_005_001','Brain - Descriptor PATO','brain_-_descriptor_pato',29,2),('IMPC_HIS_006_001','Brain - Description','brain_-_description',29,2),('IMPC_HIS_007_001','Eye with optic nerve - MPATH diagnostic term','eye_with_optic_nerve_-_mpath_diagnostic_term',29,2),('IMPC_HIS_009_001','Eye with optic nerve - MPATH process term','eye_with_optic_nerve_-_mpath_process_term',29,2),('IMPC_HIS_013_001','Spinal cord - MPATH diagnostic term','spinal_cord_-_mpath_diagnostic_term',29,2),('IMPC_HIS_013_002','Spinal cord - MPATH pathological entity term','spinal_cord_-_mpath_pathological_entity_term',29,2),('IMPC_HIS_014_001','Spinal cord - Free text diagnostic term','spinal_cord_-_free_text_diagnostic_term',29,2),('IMPC_HIS_015_001','Spinal cord - MPATH process term','spinal_cord_-_mpath_process_term',29,2),('IMPC_HIS_015_002','Spinal cord - MPATH pathological process term','spinal_cord_-_mpath_pathological_process_term',29,2),('IMPC_HIS_016_001','Spinal cord - Severity score','spinal_cord_-_severity_score',29,2),('IMPC_HIS_017_001','Spinal cord - Descriptor PATO','spinal_cord_-_descriptor_pato',29,2),('IMPC_HIS_018_001','Spinal cord - Description','spinal_cord_-_description',29,2),('IMPC_HIS_031_001','Heart - MPATH diagnostic term','heart_-_mpath_diagnostic_term',29,4),('IMPC_HIS_031_002','Heart - MPATH pathological entity term','heart_-_mpath_pathological_entity_term',29,4),('IMPC_HIS_032_001','Heart - Free text diagnostic term','heart_-_free_text_diagnostic_term',29,4),('IMPC_HIS_033_001','Heart - MPATH process term','heart_-_mpath_process_term',29,4),('IMPC_HIS_033_002','Heart - MPATH pathological process term','heart_-_mpath_pathological_process_term',29,4),('IMPC_HIS_034_001','Heart - Severity score','heart_-_severity_score',29,4),('IMPC_HIS_035_001','Heart - Descriptor PATO','heart_-_descriptor_pato',29,4),('IMPC_HIS_036_001','Heart - Description','heart_-_description',29,4),('IMPC_HIS_127_001','Skeletal muscle - MPATH diagnostic term','skeletal_muscle_-_mpath_diagnostic_term',29,1),('IMPC_HIS_127_002','Skeletal muscle - MPATH pathological entity term','skeletal_muscle_-_mpath_pathological_entity_term',29,1),('IMPC_HIS_128_001','Skeletal muscle - Free text diagnostic term','skeletal_muscle_-_free_text_diagnostic_term',29,1),('IMPC_HIS_129_001','Skeletal muscle - MPATH process term','skeletal_muscle_-_mpath_process_term',29,1),('IMPC_HIS_129_002','Skeletal muscle - MPATH pathological process term','skeletal_muscle_-_mpath_pathological_process_term',29,1),('IMPC_HIS_130_001','Skeletal muscle - Severity score','skeletal_muscle_-_severity_score',29,1),('IMPC_HIS_131_001','Skeletal muscle - Descriptor PATO','skeletal_muscle_-_descriptor_pato',29,1),('IMPC_HIS_132_001','Skeletal muscle - Description','skeletal_muscle_-_description',29,1),('IMPC_HIS_177_001','Images','images',29,3),('IMPC_HIS_179_001','Brain - Significance score','brain_-_significance_score',29,2),('IMPC_HIS_179_002','Brain - Significance score','brain_-_significance_score',29,2),('IMPC_HIS_180_001','Eye with optic nerve - Significance score','eye_with_optic_nerve_-_significance_score',29,2),('IMPC_HIS_181_001','Spinal cord - Significance score','spinal_cord_-_significance_score',29,2),('IMPC_HIS_181_002','Spinal cord - Significance score','spinal_cord_-_significance_score',29,2),('IMPC_HIS_184_001','Heart - Significance score','heart_-_significance_score',29,4),('IMPC_HIS_184_002','Heart - Significance score','heart_-_significance_score',29,4),('IMPC_HIS_200_001','Skeletal muscle - Significance score','skeletal_muscle_-_significance_score',29,1),('IMPC_HIS_200_002','Skeletal muscle - Significance score','skeletal_muscle_-_significance_score',29,1),('IMPC_HIS_230_001','Bone marrow - MPATH diagnostic term','bone_marrow_-_mpath_diagnostic_term',29,1),('IMPC_HIS_230_002','Bone marrow - MPATH pathological entity term','bone_marrow_-_mpath_pathological_entity_term',29,1),('IMPC_HIS_231_001','Bone marrow - Free text diagnostic term','bone_marrow_-_free_text_diagnostic_term',29,1),('IMPC_HIS_232_001','Bone marrow - MPATH process term','bone_marrow_-_mpath_process_term',29,1),('IMPC_HIS_232_002','Bone marrow - MPATH pathological process term','bone_marrow_-_mpath_pathological_process_term',29,1),('IMPC_HIS_233_001','Bone marrow - Severity score','bone_marrow_-_severity_score',29,1),('IMPC_HIS_234_001','Bone marrow - Descriptor PATO','bone_marrow_-_descriptor_pato',29,1),('IMPC_HIS_235_001','Bone marrow - Description','bone_marrow_-_description',29,1),('IMPC_HIS_236_001','Bone marrow - Significance score','bone_marrow_-_significance_score',29,1),('IMPC_HIS_237_001','Brown adipose tissue - MPATH diagnostic term','brown_adipose_tissue_-_mpath_diagnostic_term',29,1),('IMPC_HIS_237_002','Brown adipose tissue - MPATH pathological entity term','brown_adipose_tissue_-_mpath_pathological_entity_term',29,1),('IMPC_HIS_238_001','Brown adipose tissue - Free text diagnostic term','brown_adipose_tissue_-_free_text_diagnostic_term',29,1),('IMPC_HIS_239_001','Brown adipose tissue - MPATH process term','brown_adipose_tissue_-_mpath_process_term',29,1),('IMPC_HIS_239_002','Brown adipose tissue - MPATH pathological process term','brown_adipose_tissue_-_mpath_pathological_process_term',29,1),('IMPC_HIS_240_001','Brown adipose tissue - Severity score','brown_adipose_tissue_-_severity_score',29,1),('IMPC_HIS_241_001','Brown adipose tissue - Descriptor PATO','brown_adipose_tissue_-_descriptor_pato',29,1),('IMPC_HIS_242_001','Brown adipose tissue - Description','brown_adipose_tissue_-_description',29,1),('IMPC_HIS_243_001','Brown adipose tissue - Significance score','brown_adipose_tissue_-_significance_score',29,1),('IMPC_HIS_258_001','Trigeminal V nerve - MPATH diagnostic term','trigeminal_v_nerve_-_mpath_diagnostic_term',29,2),('IMPC_HIS_258_002','Trigeminal V ganglion - MPATH pathological entity term','trigeminal_v_ganglion_-_mpath_pathological_entity_term',29,2),('IMPC_HIS_259_001','Trigeminal ganglion - Diagnostic term','trigeminal_ganglion_-_diagnostic_term',29,2),('IMPC_HIS_260_001','Trigeminal V nerve - MPATH process term','trigeminal_v_nerve_-_mpath_process_term',29,2),('IMPC_HIS_260_002','Trigeminal V ganglion - MPATH pathological process term','trigeminal_v_ganglion_-_mpath_pathological_process_term',29,2),('IMPC_HIS_261_001','Trigeminal ganglion - Severity score','trigeminal_ganglion_-_severity_score',29,2),('IMPC_HIS_262_001','Trigeminal ganglion - Descriptor PATO','trigeminal_ganglion_-_descriptor_pato',29,2),('IMPC_HIS_263_001','Trigeminal ganglion - Description','trigeminal_ganglion_-_description',29,2),('IMPC_HIS_264_001','Trigeminal ganglion - Significance score','trigeminal_ganglion_-_significance_score',29,2),('IMPC_HIS_293_001','Sciatic nerve - MPATH diagnostic term','sciatic_nerve_-_mpath_diagnostic_term',29,2),('IMPC_HIS_293_002','Sciatic nerve - MPATH pathological entity term','sciatic_nerve_-_mpath_pathological_entity_term',29,2),('IMPC_HIS_294_001','Sciatic nerve - Free text diagnostic term','sciatic_nerve_-_free_text_diagnostic_term',29,2),('IMPC_HIS_295_001','Sciatic nerve - MPATH process term','sciatic_nerve_-_mpath_process_term',29,2),('IMPC_HIS_295_002','Sciatic nerve - MPATH pathological process term','sciatic_nerve_-_mpath_pathological_process_term',29,2),('IMPC_HIS_296_001','Sciatic nerve - Severity score','sciatic_nerve_-_severity_score',29,2),('IMPC_HIS_297_001','Sciatic nerve - Descriptor PATO','sciatic_nerve_-_descriptor_pato',29,2),('IMPC_HIS_298_001','Sciatic nerve - Description','sciatic_nerve_-_description',29,2),('IMPC_HIS_299_001','Sciatic nerve - Significance score','sciatic_nerve_-_significance_score',29,2),('IMPC_HIS_300_001','Brain','brain',29,2),('IMPC_HIS_301_001','Eye with optic nerve','eye_with_optic_nerve',29,2),('IMPC_HIS_302_001','Spinal cord','spinal_cord',29,2),('IMPC_HIS_305_001','Heart','heart',29,4),('IMPC_HIS_321_001','Skeletal muscle','skeletal_muscle',29,1),('IMPC_HIS_332_001','Bone marrow','bone_marrow',29,1),('IMPC_HIS_333_001','Brown adipose tissue','brown_adipose_tissue',29,1),('IMPC_HIS_336_001','Trigeminal V nerve','trigeminal_v_nerve',29,2),('IMPC_HIS_341_001','Sciatic nerve','sciatic_nerve',29,2),('IMPC_HIS_342_001','Bone - MPATH diagnostic term','bone_-_mpath_diagnostic_term',29,1),('IMPC_HIS_342_002','Bone - MPATH pathological entity term','bone_-_mpath_pathological_entity_term',29,1),('IMPC_HIS_343_001','Bone - Free text diagnostic term','bone_-_free_text_diagnostic_term',29,1),('IMPC_HIS_344_001','Bone - MPATH process term','bone_-_mpath_process_term',29,1),('IMPC_HIS_344_002','Bone - MPATH pathological process term','bone_-_mpath_pathological_process_term',29,1),('IMPC_HIS_345_001','Bone - Severity score','bone_-_severity_score',29,1),('IMPC_HIS_345_002','Bone - Severity score','bone_-_severity_score',29,1),('IMPC_HIS_346_001','Bone - Descriptor PATO','bone_-_descriptor_pato',29,1),('IMPC_HIS_347_001','Bone - Description','bone_-_description',29,1),('IMPC_HIS_348_001','Bone - Significance score','bone_-_significance_score',29,1),('IMPC_HIS_348_002','Bone - Significance score','bone_-_significance_score',29,1),('IMPC_HIS_349_001','Bone','bone',29,1),('IMPC_HIS_351_001','Bone - MA term','bone_-_ma_term',29,1),('IMPC_HIS_352_001','Bone marrow - MA term','bone_marrow_-_ma_term',29,1),('IMPC_HIS_353_001','Brain - MA term','brain_-_ma_term',29,2),('IMPC_HIS_354_001','Brown adipose tissue - MA term','brown_adipose_tissue_-_ma_term',29,1),('IMPC_HIS_361_001','Heart - MA term','heart_-_ma_term',29,4),('IMPC_HIS_372_001','Pituitary gland - Description','pituitary_gland_-_description',29,2),('IMPC_HIS_373_001','Pituitary gland - Descriptor PATO','pituitary_gland_-_descriptor_pato',29,2),('IMPC_HIS_374_001','Pituitary gland - Free text diagnostic term','pituitary_gland_-_free_text_diagnostic_term',29,2),('IMPC_HIS_375_001','Pituitary gland - MA term','pituitary_gland_-_ma_term',29,2),('IMPC_HIS_376_001','Pituitary gland - MPATH pathological entity term','pituitary_gland_-_mpath_pathological_entity_term',29,2),('IMPC_HIS_377_001','Pituitary gland - MPATH pathological process term','pituitary_gland_-_mpath_pathological_process_term',29,2),('IMPC_HIS_378_001','Pituitary gland - Severity score','pituitary_gland_-_severity_score',29,2),('IMPC_HIS_379_001','Pituitary gland - Significance score','pituitary_gland_-_significance_score',29,2),('IMPC_HIS_382_001','Sciatic nerve - MA term','sciatic_nerve_-_ma_term',29,2),('IMPC_HIS_384_001','Skeletal muscle - MA term','skeletal_muscle_-_ma_term',29,1),('IMPC_HIS_387_001','Spinal cord - MA term','spinal_cord_-_ma_term',29,2),('IMPC_HIS_398_001','Trigeminal V ganglion - MA term','trigeminal_v_ganglion_-_ma_term',29,2),('IMPC_HIS_401_001','White adipose tissue - Description','white_adipose_tissue_-_description',29,1),('IMPC_HIS_402_001','White adipose tissue - Descriptor PATO','white_adipose_tissue_-_descriptor_pato',29,1),('IMPC_HIS_403_001','White adipose tissue - Free text diagnostic term','white_adipose_tissue_-_free_text_diagnostic_term',29,1),('IMPC_HIS_404_001','White adipose tissue - MA term','white_adipose_tissue_-_ma_term',29,1),('IMPC_HIS_405_001','White adipose tissue - MPATH pathological entity term','white_adipose_tissue_-_mpath_pathological_entity_term',29,1),('IMPC_HIS_406_001','White adipose tissue - MPATH pathological process term','white_adipose_tissue_-_mpath_pathological_process_term',29,1),('IMPC_HIS_407_001','White adipose tissue - Severity score','white_adipose_tissue_-_severity_score',29,1),('IMPC_HIS_408_001','White adipose tissue - Significance score','white_adipose_tissue_-_significance_score',29,1),('IMPC_HIS_409_001','Subcutaneous adipose tissue - Description','subcutaneous_adipose_tissue_-_description',29,1),('IMPC_HIS_410_001','Subcutaneous adipose tissue - Descriptor PATO','subcutaneous_adipose_tissue_-_descriptor_pato',29,1),('IMPC_HIS_411_001','Subcutaneous adipose tissue - Free text diagnostic term','subcutaneous_adipose_tissue_-_free_text_diagnostic_term',29,1),('IMPC_HIS_412_001','Subcutaneous adipose tissue - MA term','subcutaneous_adipose_tissue_-_ma_term',29,1),('IMPC_HIS_413_001','Subcutaneous adipose tissue - MPATH pathological entity term','subcutaneous_adipose_tissue_-_mpath_pathological_entity_term',29,1),('IMPC_HIS_414_001','Subcutaneous adipose tissue - MPATH pathological process term','subcutaneous_adipose_tissue_-_mpath_pathological_process_term',29,1),('IMPC_HIS_415_001','Subcutaneous adipose tissue - Severity score','subcutaneous_adipose_tissue_-_severity_score',29,1),('IMPC_HIS_416_001','Subcutaneous adipose tissue - Significance score','subcutaneous_adipose_tissue_-_significance_score',29,1),('IMPC_HIS_417_001','Optic II nerve - Description','optic_II_nerve_description',29,2),('IMPC_HIS_418_001','Optic II nerve - Descriptor PATO','optic_ii_nerve_-_descriptor_pato',29,2),('IMPC_HIS_419_001','Optic II nerve - Free text diagnostic term','optic_ii_nerve_-_free_text_diagnostic_term',29,2),('IMPC_HIS_420_001','Optic II nerve - MA term','optic_ii_nerve_-_ma_term',29,2),('IMPC_HIS_421_001','Optic II nerve - MPATH pathological entity term','optic_ii_nerve_-_mpath_pathological_entity_term',29,2),('IMPC_HIS_422_001','Optic II nerve - MPATH pathological process term','optic_ii_nerve_-_mpath_pathological_process_term',29,2),('IMPC_HIS_423_001','Optic II nerve - Severity score','optic_ii_nerve_-_severity_score',29,2),('IMPC_HIS_424_001','Optic II nerve - Significance score','optic_ii_nerve_-_significance_score',29,2),('IMPC_HOU_001_001','Submitter ID','submitter_id',30,1),('IMPC_HOU_031_001','Housing - cage dimensions - Length','housing_cage_dimensions_length',30,1),('IMPC_HOU_038_001','Housing - frequency of cage cleaning','housing_frequency_of_cage_cleaning',30,1),('IMPC_HOU_042_001','Nutrition - Diet Mass Known','nutrition_do_you_know_the_composition_of_the_diet_average_based_on_mass',30,1),('IMPC_HOU_043_001','Nutrition - average composition (based on mass) - Carbohydrate','nutrition_average_composition_based_on_mass_carbohydrate',30,1),('IMPC_HOU_043_002','Nutrition - average composition (based on mass) - Carbohydrate','nutrition_average_composition_based_on_mass_carbohydrate',30,1),('IMPC_HOU_044_001','Nutrition - average composition (based on mass) - Fat','nutrition_average_composition_based_on_mass_fat',30,1),('IMPC_HOU_044_002','Nutrition - average composition (based on mass) - Fat','nutrition_average_composition_based_on_mass_fat',30,1),('IMPC_HOU_045_001','Nutrition - average composition (based on mass) - Protein','nutrition_average_composition_based_on_mass_protein',30,1),('IMPC_HOU_045_002','Nutrition - average composition (based on mass) - Protein','nutrition_average_composition_based_on_mass_protein',30,1),('IMPC_HOU_048_001','Nutrition - average composition (based on calorific content) - Fat','nutrition_average_composition_based_on_calorific_content_fat',30,1),('IMPC_HOU_049_001','Nutrition - average composition (based on calorific content) - Protein','nutrition_average_composition_based_on_calorific_content_protein',30,1),('IMPC_HOU_051_001','Nutrition - source of lipids','nutrition_source_of_lipids',30,1),('IMPC_HOU_051_002','Nutrition - source of lipids','nutrition_source_of_lipids',30,1),('IMPC_HOU_066_001','Nutrition - do you know the source of lipids','nutrition_-_do_you_know_the_source_of_lipids',30,1),('IMPC_HOU_086_001','Submission Identifier','submission_identifier',30,1),('IMPC_HWT_002_001','Tibia length','tibia_length',27,1),('IMPC_HWT_007_001','Body weight','body_weight',27,1),('IMPC_HWT_008_001','Heart weight','heart_weight',27,1),('IMPC_HWT_009_001','Date equipment last calibrated','date_equipment_last_calibrated',27,4),('IMPC_HWT_012_001','Heart weight normalised against body weight','heart_weight_normalised_against_body_weight',27,1),('IMPC_HWT_013_001','Heart weight normalised against tibia length','heart_weight_normalised_against_tibia_length',27,1),('IMPC_IMM_001_001','Spleen weight','spleen_weight',31,1),('IMPC_IMM_001_002','Spleen weight','spleen_weight',31,1),('IMPC_IMM_239_001','Panel A anti-CD5 fluorochrome','panel_a_anti-cd5_fluorochrome',31,4),('IMPC_IMM_242_001','Panel A anti-CD4 fluorochrome','panel_a_anti-cd4_fluorochrome',31,4),('IMPC_IMM_245_001','Panel A anti-CD44 fluorochrome','panel_a_anti-cd44_fluorochrome',31,4),('IMPC_IMM_248_001','Panel A anti-CD8a fluorochrome','panel_a_anti-cd8a_fluorochrome',31,4),('IMPC_IMM_251_001','Panel A anti-CD25 fluorochrome','panel_a_anti-cd25_fluorochrome',31,4),('IMPC_IMM_254_001','Panel A anti-CD161 fluorochrome','panel_a_anti-cd161_fluorochrome',31,4),('IMPC_IMM_257_001','Panel A anti-CD62L fluorochrome','panel_a_anti-cd62l_fluorochrome',31,4),('IMPC_IMM_262_001','Panel A additional marker 1 fluorochrome','panel_a_additional_marker_1_fluorochrome',31,4),('IMPC_IMM_266_001','Panel A additional marker 2 fluorochrome','panel_a_additional_marker_2_fluorochrome',31,4),('IMPC_IMM_270_001','Panel A additional marker 3 fluorochrome','panel_a_additional_marker_3_fluorochrome',31,4),('IMPC_IMM_274_001','Panel A additional marker 4 fluorochrome','panel_a_additional_marker_4_fluorochrome',31,4),('IMPC_IMM_278_001','Panel A additional marker 5 fluorochrome','panel_a_additional_marker_5_fluorochrome',31,4),('IMPC_IMM_281_001','Panel B anti-CD5 fluorochrome','panel_b_anti-cd5_fluorochrome',31,4),('IMPC_IMM_284_001','Panel B anti-Ly6G fluorochrome','panel_b_anti-ly6g_fluorochrome',31,4),('IMPC_IMM_287_001','Panel B anti-CD19 fluorochrome','panel_b_anti-cd19_fluorochrome',31,4),('IMPC_IMM_290_001','Panel B anti-Ly6c fluorochrome','panel_b_anti-ly6c_fluorochrome',31,4),('IMPC_IMM_293_001','Panel B anti-CD21/35 fluorochrome','panel_b_anti-cd21/35_fluorochrome',31,4),('IMPC_IMM_296_001','Panel B anti-CD11b fluorochrome','panel_b_anti-cd11b_fluorochrome',31,4),('IMPC_IMM_299_001','Panel B anti-CD11c fluorochrome','panel_b_anti-cd11c_fluorochrome',31,4),('IMPC_IMM_302_001','Panel B anti-CD161 fluorochrome','panel_b_anti-cd161_fluorochrome',31,4),('IMPC_IMM_305_001','Panel B anti-MHCII fluorochrome','panel_b_anti-mhcii_fluorochrome',31,4),('IMPC_IMM_310_001','Panel B additional marker 1 fluorochrome','panel_b_additional_marker_1_fluorochrome',31,4),('IMPC_IMM_314_001','Panel B additional marker 2 fluorochrome','panel_b_additional_marker_2_fluorochrome',31,4),('IMPC_IMM_318_001','Panel B additional marker 3 fluorochrome','panel_b_additional_marker_3_fluorochrome',31,4),('IMPC_IMM_322_001','Panel B additional marker 4 fluorochrome','panel_b_additional_marker_4_fluorochrome',31,4),('IMPC_IMM_326_001','Panel B additional marker 5 fluorochrome','panel_b_additional_marker_5_fluorochrome',31,4),('IMPC_INS_008_001','Blood collection tubes','blood_collection_tubes',33,4),('IMPC_INS_009_001','Anesthesia used for blood collection','anesthesia_used_for_blood_collection',33,4),('IMPC_INS_010_001','Method of blood collection','method_of_blood_collection',33,4),('IMPC_INS_012_001','Date and time of blood collection','date_and_time_of_blood_collection',33,4),('IMPC_INS_018_001','ID of blood collection SOP','id_of_blood_collection_sop',33,4),('IMPC_INS_020_001','Blood collection experimenter ID','blood_collection_experimenter_id',33,4),('IMPC_INS_021_001','Blood analysis experimenter ID','blood_analysis_experimenter_id',33,4),('IMPC_INS_022_001','Date equipment last calibrated','date_equipment_last_calibrated',33,4),('IMPC_IPG_001_001','Body Weight','body_weight',34,1),('IMPC_IPG_002_001','Blood glucose concentration','blood_glucose_concentration',34,4),('IMPC_IPG_009_001','Date equipment last calibrated','date_equipment_last_calibrated',34,4),('IMPC_IPG_010_001','Fasted blood glucose concentration','fasted_blood_glucose_concentration',34,4),('IMPC_IPG_011_001','Initial response to glucose challenge','initial_response_to_glucose_challenge',34,2),('IMPC_IPG_012_001','Area under glucose response curve','area_under_glucose_response_curve',34,1),('IMPC_MAA_004_001','FDR thresholds for determinents','fdr_thresholds_for_determinents',37,4),('IMPC_MAA_005_001','FDR thresholds for intensities','fdr_thresholds_for_intensities',37,4),('IMPC_OFD_026_001','Central zone surface area','central_zone_surface_area',41,1),('IMPC_OFD_034_001','Arena Size','arena_size',41,1),('IMPC_OFD_041_001','Date equipment last calibrated','date_equipment_last_calibrated',41,4),('IMPC_OFD_051_001','Resting definition threshold','Parameter measuring how the equipment defines a \'resting\' animal',41,4),('IMPC_OFD_052_001','Rearing definition threshold','Parameter measuring how the equipment defines a \'rearing\' animal',41,4),('IMPC_OWT_001_001','Body weight','body_weight',42,1),('IMPC_OWT_002_001','Spleen weight','spleen_weight',42,1),('IMPC_OWT_003_001','Left kidney weight','left_kidney_weight',42,1),('IMPC_OWT_004_001','Right kidney weight','right_kidney_weight',42,1),('IMPC_OWT_005_001','Epididymis weight','epididymis_weight',42,1),('IMPC_OWT_007_001','Seminal vesicle weight','seminal_vesicle_weight',42,1),('IMPC_OWT_008_001','Spleen weight to body weight ratio','spleen_weight_to_body_weight_ratio',42,1),('IMPC_OWT_009_001','Left kidney weight to body weight ratio','left_kidney_weight_to_body_weight_ratio',42,1),('IMPC_OWT_010_001','Right kidney weight to body weight ratio','right_kidney_weight_to_body_weight_ratio',42,1),('IMPC_OWT_012_001','Epididymis weight to body weight ratio','epididymis_weight_to_body_weight_ratio',42,1),('IMPC_OWT_013_001','Seminal vesicle weight to body weight ratio','seminal_vesicle_weight_to_body_weight_ratio',42,1),('IMPC_OWT_018_001','Date equipment last calibrated','date_equipment_last_calibrated',42,4),('IMPC_OWT_021_001','Left testis weight','left_testis_weight',42,1),('IMPC_OWT_022_001','Right testis weight','right_testis_weight',42,1),('IMPC_OWT_023_001','Whole liver weight','whole_liver_weight',42,1),('IMPC_OWT_024_001','Right lung all lobes weight','right_lung_all_lobes_weight',42,1),('IMPC_OWT_025_001','Left lung weight','left_lung_weight',42,1),('IMPC_OWT_026_001','Left testis weight to body weight ratio','left_testis_weight_to_body_weight_ratio',42,1),('IMPC_OWT_027_001','Right testis weight to body weight ratio','right_testis_weight_to_body_weight_ratio',42,1),('IMPC_OWT_028_001','Whole liver weight to body weight ratio','whole_liver_weight_to_body_weight_ratio',42,1),('IMPC_OWT_029_001','Right lung all lobes weight to body weight ratio','right_lung_all_lobes_weight_to_body_weight_ratio',42,1),('IMPC_OWT_030_001','Left lung weight to body weight ratio','left_lung_weight_to_body_weight_ratio',42,1),('IMPC_OWT_031_001','Whole lung weight','whole_lung_weight',42,1),('IMPC_PAT_001_001','Brain','brain',26,2),('IMPC_PAT_001_002','Brain','brain',26,2),('IMPC_PAT_002_001','Eye with optic nerve','eye_with_optic_nerve',26,2),('IMPC_PAT_002_002','Eye with optic nerve','eye_with_optic_nerve',26,2),('IMPC_PAT_003_001','Spinal cord','spinal_cord',26,2),('IMPC_PAT_003_002','Spinal cord','spinal_cord',26,2),('IMPC_PAT_006_001','Heart','heart',26,4),('IMPC_PAT_006_002','Heart','heart',26,4),('IMPC_PAT_022_001','Skeletal muscle','skeletal_muscle',26,1),('IMPC_PAT_022_002','Skeletal muscle','skeletal_muscle',26,1),('IMPC_PAT_035_001','Camera resolution','camera_resolution',26,3),('IMPC_PAT_049_001','Body Weight','body_weight',26,1),('IMPC_PAT_049_002','Body Weight','body_weight',26,1),('IMPC_PAT_055_001','Method of Blood Collection','blood_collection',26,4),('IMPC_PAT_055_002','Method of Blood Collection','blood_collection',26,4),('IMPC_PAT_057_001','Images','images',26,3),('IMPC_PAT_057_002','Images','images',26,3),('IMPC_PAT_059_001','Date equipment last calibrated','date_equipment_last_calibrated',26,4),('IMPC_PAT_059_002','Date equipment last calibrated','date_equipment_last_calibrated',26,4),('IMPC_PAT_065_001','Bone marrow','bone_marrow',26,1),('IMPC_PAT_066_001','Brown fat','brown_fat',26,1),('IMPC_PAT_069_001','Trigeminal V nerve','trigeminal_v_nerve',26,2),('IMPC_PAT_074_001','Sciatic nerve','sciatic_nerve',26,2),('IMPC_PAT_075_001','Bone','bone',26,1),('IMPC_VIA_017_001','Average litter size','average_litter_size',48,1),('IMPC_VIA_031_001','Breeding Strategy','breeding_strategy',48,4),('IMPC_WEL_003_001','Images','Images to visually document welfare issue(s)',49,3),('IMPC_XRY_002_001','Zygomatic bone','zygomatic_bone',50,1),('IMPC_XRY_032_001','Comment on XRay image','comment_on_xray_image',50,3),('IMPC_XRY_033_001','Tibia length','tibia_length',50,1),('IMPC_XRY_034_001','XRay Images Whole Body Dorso Ventral','xray_images',50,3),('IMPC_XRY_041_001','Experimenter ID (scan)','experimenter_scan_',50,3),('IMPC_XRY_044_001','Scanner equipment ID','scanner_equipment_name',50,3),('IMPC_XRY_045_001','Scanner equipment manufacturer','scanner_equipment_manufacturer',50,3),('IMPC_XRY_046_001','Scanner equipment model','scanner_equipment_model',50,3),('IMPC_XRY_047_001','Date Xray equipment last calibrated','date_xray_equipment_last_calibrated',50,4),('IMPC_XRY_048_001','XRay Images Whole Body Lateral Orientation','xray_images_whole_body_lateral_orientation',50,3),('IMPC_XRY_049_001','XRay Images Forepaw','xray_images_forepaw',50,3),('IMPC_XRY_050_001','XRay Images Skull Lateral Orientation','xray_images_skull_lateral_orientation',50,3),('IMPC_XRY_051_001','XRay Images Skull Dorso Ventral Orientation','xray_images_skull_dorso_ventral_orientation',50,3),('IMPC_XRY_052_001','XRay Images Hind Leg and Hip','xray_images_hind_leg_and_hip',50,3),('IMPC_XRY_053_001','Date Scanner equipment last calibrated','date_scanner_equipment_last_calibrated',50,3),('IMPC_YMZ_016_001','Cleaning agent/disinfectant','cleaning_agent_disinfectant',51,1),('IMPC_YMZ_027_001','Date tracking equipment last calibrated','date_tracking_equipment_last_calibrated',51,4);
/*!40000 ALTER TABLE `Parameters` ENABLE KEYS */;
UNLOCK TABLES;

--
-- Table structure for table `PhenodigmScores`
--

DROP TABLE IF EXISTS `PhenodigmScores`;
/*!40101 SET @saved_cs_client     = @@character_set_client */;
/*!50503 SET character_set_client = utf8mb4 */;
CREATE TABLE `PhenodigmScores` (
  `phenodigm_id` int NOT NULL AUTO_INCREMENT,
  `disease_id` varchar(50) DEFAULT NULL,
  `gene_accession_id` varchar(11) DEFAULT NULL,
  `phenodigm_score` float DEFAULT NULL,
  PRIMARY KEY (`phenodigm_id`),
  KEY `disease_id` (`disease_id`),
  KEY `gene_accession_id` (`gene_accession_id`),
  CONSTRAINT `phenodigmscores_ibfk_1` FOREIGN KEY (`disease_id`) REFERENCES `Diseases` (`disease_id`),
  CONSTRAINT `phenodigmscores_ibfk_2` FOREIGN KEY (`gene_accession_id`) REFERENCES `Genes` (`gene_accession_id`)
) ENGINE=InnoDB AUTO_INCREMENT=2 DEFAULT CHARSET=utf8mb4 COLLATE=utf8mb4_0900_ai_ci COMMENT='Stores gene-disease association scores (many-to-many) linking Genes and Diseases.';
/*!40101 SET character_set_client = @saved_cs_client */;

--
-- Dumping data for table `PhenodigmScores`
--

LOCK TABLES `PhenodigmScores` WRITE;
/*!40000 ALTER TABLE `PhenodigmScores` DISABLE KEYS */;
/*!40000 ALTER TABLE `PhenodigmScores` ENABLE KEYS */;
UNLOCK TABLES;

--
-- Table structure for table `Procedures`
--

DROP TABLE IF EXISTS `Procedures`;
/*!40101 SET @saved_cs_client     = @@character_set_client */;
/*!50503 SET character_set_client = utf8mb4 */;
CREATE TABLE `Procedures` (
  `procedure_id` int NOT NULL,
  `procedure_name` varchar(47) DEFAULT NULL,
  `procedure_description` varchar(1090) DEFAULT NULL,
  `procedure_isMandatory` tinyint(1) NOT NULL DEFAULT '0',
  PRIMARY KEY (`procedure_id`)
) ENGINE=InnoDB DEFAULT CHARSET=utf8mb4 COLLATE=utf8mb4_0900_ai_ci COMMENT='Stores procedure details (name, description, mandatory). Linked to Parameters via a many-to-many join.';
/*!40101 SET character_set_client = @saved_cs_client */;

--
-- Dumping data for table `Procedures`
--

LOCK TABLES `Procedures` WRITE;
/*!40000 ALTER TABLE `Procedures` DISABLE KEYS */;
INSERT INTO `Procedures` VALUES (1,'Acoustic Startle and Pre-pulse Inhibition (PPI)','The acoustic startle response is characterized by an exaggerated flinching response to an unexpected strong auditory stimulus (pre-pulse). This response can be attenuated when it is preceded by a weaker stimulus (pre-pulse) and is the principle underlying pre-pulse inhibition (PPI). PPI has been described in numerous species, including mice and humans and provides an operational measure of sensorimotor gating reflecting the ability of an animal to successfully integrate and inhibit sensory information. Several clinical studies have shown that a number of human disorders have impaired PPI including: schizophrenia, Huntington&rsquo;s disease, fragile X syndrome, and autism. The acoustic startle and PPI paradigm is therefore largely used to assess sensorimotor gating and the effects of a number of treatment modalities such as putative anti-psychotics, and to explore genetic and neurobiological mechanisms underlying behaviors of relevance to psychosis (Geyer, 1999; Ouagazzal et al., 2001).Ontological description: MP:0002067 - abnormal sensory capabilities/reflexes/nociception.',0),(2,'Adult LacZ','To stain adult mutant  and control tissues for bacterial beta-galactosidase (LacZ) activity in order to assess the adult organ, tissue, substructure and cell type of gene expression of IKMC alleles utilizing a LacZ reporter.  Description: Adult mouse tissues are scored for presence of LacZ staining which is distinct from either nonspecific staining observed in wildtype control mice, or is too faint to score as present.  Intensity of staining is not required but can be reported.   Anatomical terms to localize staining to the organ, structure, substructure, or cell type will use standard mouse anatomy ontology terms.',0),(3,'Auditory Brain Stem Response','Auditory brainstem response test determines hearing sensitivity and other physiological parameters using evoked potential recordings in anesthetized mice.Ontological description: MP:0004738 - abnormal brainstem auditory evoked potential.',0),(4,'Body Composition (DEXA lean/fat)','Measure bone mineral content and density as well as body composition in mice using the DEXA (Dual Energy X-ray Absorptiometry) analyser.',0),(5,'Body Weight','The body weight test measures the weight of the mouse in a time series, allowing monitoring of its evolution; also, it is required in many other procedures.',0),(6,'Challenge Whole Body Plethysmography','The purpose of this procedure is to record the respiratory function of mice, when submitted to methacholine or hypoxia challenge. Other similar protocols, for allergen sensitization and for LPS challenges, will also be available. Ontological description:  MP:0002327 - abnormal respiratory function',0),(7,'Clinical Chemistry','Clinical chemistry determines biochemical parameters in plasma including enzymatic activity, specific substrates and electrolytes. Ontological description: MP:0001545 &ndash; blood physiology abnormalities.',0),(8,'Combined SHIRPA and Dysmorphology','SHIRPA and dysmorphology were originally always separate assessments.  However they have recently been combined as assessments, so that they take place at the same time.The purpose of the assessments is to examine mice for obvious physical characteristics, behaviors and morphological abnormalities.Descriptions include abnormal locomotion/appearance/behavior/reflex reactions.',0),(9,'Echo','To assess the functionality of the heart in order to determine the presence of a mutant phenotype.',0),(10,'Electrocardiogram (ECG)','To provide a high throughput method to obtain Electrocardiograms in a conscious mouse.',0),(11,'Embryo LacZ','embryo_lacz',0),(12,'Experimental design','experimental_design',0),(13,'Eye Morphology','To detect abnormalities in eye morphology.',0),(14,'Fear Conditioning','Fear Conditioning test assesses aversive learning and memory',0),(15,'Fertility of Homozygous Knock-out Mice','To assess the fertility of homozygous knockout mice.',0),(16,'Formalin Test','formalin_test',0),(17,'Grip Strength','The grip strength test is used to measure the neuromuscular function as maximal muscle strength of forelimbs and combined forelimbs and hind limbs. These are assessed by the grasping applied by the mouse on a grid that is connected to a sensor. Three trials are carried out in succession measuring forelimb-strength only, followed by three successive trials measuring the combined forelimb/hindlimb grip strength. All grip strength values obtained are normalized against mouse body weight.Ontological description: MP:0001515 - abnormal grip strength.',0),(18,'Gross Morphology Embryo E12.5','gross_morphology_embryo_e12.5',0),(19,'Gross Morphology Embryo E14.5-E15.5','gross_morphology_embryo_e14.5-e15.5',0),(20,'Gross Morphology Embryo E18.5','gross_morphology_embryo_e18.5',0),(21,'Gross Morphology Embryo E9.5','gross_morphology_embryo_e9.5',0),(22,'Gross Morphology Placenta E12.5','gross_morphology_placenta_e12.5',0),(23,'Gross Morphology Placenta E14.5-E15.5','gross_morphology_placenta_e14.5-e15.5',0),(24,'Gross Morphology Placenta E18.5','gross_morphology_placenta_e18.5',0),(25,'Gross Morphology Placenta E9.5','gross_morphology_placenta_e9.5',0),(26,'Gross Pathology and Tissue Collection','To perform a complete necropsy to detect and record abnormal external findings and macroscopic alterations in internal and external organs, record body and heart weights (see IMPC Heart Weight SOP), and collect a standardized list of tissues for fixation with or without further processing (see non-mandatory IMPC Tissue Embedding & Block Banking SOP).',0),(27,'Heart Weight','To evaluate cardiac size using heart weight and body weight.',0),(28,'Hematology','Hematological assessment of blood determines blood cell counts (white blood cells, red blood cells, hemoglobin, and platelets) and additional hematological parameters (hematocrit, mean cell volume, mean corpuscular hemoglobin, mean cell hemoglobin concentration) can be derived using these indices. These tests will indicate abnormalities in the production of blood and its components (blood cells and hemoglobin) as well as in the associated blood-forming organs. Ontological description: MP:0002429 - abnormal blood cell morphology/development.',0),(29,'Histopathology','histopathology',0),(30,'Housing and Husbandry','housing_and_husbandry',0),(31,'Immunophenotyping','Immunophenotyping of immune system cells',0),(32,'Indirect Calorimetry','Indirect calorimetry provides detailed information on the energy metabolism of mutant mice. Energy expenditure is evaluated through indirect calorimetry by measuring oxygen consumption with an open flow respirometric system. CO2 and O2 sensors measure the difference in CO2 and O2 concentrations in air volumes flowing through control or animal cages. The amount of oxygen consumed over a given period of time can thus be calculated, as far as the air flow through the cage is known. Data are expressed as ml O2 h-1animal-1. The system also monitors CO2 production, therefore, the respiratory exchange ratio (RER) and heat production can be calculated. An activity and food and water intake monitoring system can also be integrated into the set up in order to investigate circadian pattern and behaviour.Ontological description: MP:0005266 - abnormal metabolism.',0),(33,'Insulin Blood Level','The insulin concentration in the blood is an important indicator of diabetes.Ontological description: abnormal circulating insulin level [MP:0001560]; increased circulating insulin level [MP:0002079]; decreased circulating insulin level [MP:0002727].',0),(34,'Intraperitoneal glucose tolerance test (IPGTT)','The glucose tolerance test measures the clearance of an intraperitoneally injected glucose load from the body. It is used to detect disturbances in glucose metabolism that can be linked to human conditions such as diabetes or metabolic syndrome. Animals are fasted for approximately 16 hours, fasted blood glucose levels are determined before a solution of glucose is administered by intra-peritoneal (IP) injection. Subsequently, the blood glucose level is measured at different time points during the following 2 hours.Ontological description: MP:0005559 - increased circulating glucose level, MP:0005560 - decreased circulating glucose level, MP:0005293 - impaired glucose tolerance, MP:0005292 - improved glucose tolerance, MP:0005291           abnormal glucose tolerance, MP:0000188 - abnormal circulating glucose level.',0),(35,'Light-Dark Test','Light-Dark test monitors the anxiety-related behaviour of mice',0),(36,'MicroCT E14.5-E15.5','microct_e14.5-e15.5',0),(37,'MicroCT E14.5-E15.5 Analysis','microct_e14.5-e15.5_analysis',0),(38,'MicroCT E18.5','microct_e18.5',0),(39,'MicroCT E9.5','microct_e9.5',0),(40,'OPT E9.5','opt_e9.5',0),(41,'Open Field','The Open Field test is used to assess anxiety and exploratory behaviors. It is based on the natural tendency of an animal to explore and to protect itself using avoidance which translates to a normal animal spending more time in the periphery of the Open Field arena than in the center (the most anxiogenic area).',0),(42,'Organ Weight','Organ weights from different tissues collected for IMPC',0),(43,'Tissue Embedding and Block Banking','Collect and fix a standard list of tissues from the complete necropsy (see IMPC Gross Pathology & Tissue Collection SOP)Trim the fixed tissues into cassettes for processingEmbed the tissues in paraffin in a standard orientation',0),(44,'Viability E12.5 Secondary Screen','viability_e12.5_secondary_screen',0),(45,'Viability E14.5-E15.5 Secondary Screen','viability_e14.5-e15.5_secondary_screen',0),(46,'Viability E18.5 Secondary Screen','viability_e18.5_secondary_screen',0),(47,'Viability E9.5 Secondary Screen','viability_e9.5_secondary_screen',0),(48,'Viability Primary Screen','Assess the viability of mutant mice of each sex and zygosity.',0),(49,'Welfare Observations','The Welfare Observations procedure is used for the recording of welfare issues as and when they occur.',0),(50,'X-ray','Construct and analyse digital X-ray images in immobilised mice using a Faxitron X-Ray system or NTB digital X-ray scanner.',0),(51,'Y-maze','Y-maze assesses learning and memory; it can be used instead/in parallel of Fear Conditioning',0);
/*!40000 ALTER TABLE `Procedures` ENABLE KEYS */;
UNLOCK TABLES;
/*!40103 SET TIME_ZONE=@OLD_TIME_ZONE */;

/*!40101 SET SQL_MODE=@OLD_SQL_MODE */;
/*!40014 SET FOREIGN_KEY_CHECKS=@OLD_FOREIGN_KEY_CHECKS */;
/*!40014 SET UNIQUE_CHECKS=@OLD_UNIQUE_CHECKS */;
/*!40101 SET CHARACTER_SET_CLIENT=@OLD_CHARACTER_SET_CLIENT */;
/*!40101 SET CHARACTER_SET_RESULTS=@OLD_CHARACTER_SET_RESULTS */;
/*!40101 SET COLLATION_CONNECTION=@OLD_COLLATION_CONNECTION */;
/*!40111 SET SQL_NOTES=@OLD_SQL_NOTES */;

-- Dump completed on 2024-12-26 23:46:45
